csc,model,device,build,android,released
ILO,SM-S731B,SM-S731B,S731BXXS8BZG1,16,2026-07-07
ILO,SM-S731B,SM-S731B,S731BXXS7BZF3,16,2026-06-10
ILO,SM-S731B,SM-S731B,S731BXXS6BZE2,16,2026-05-09
ILO,SM-S731B,SM-S731B,S731BXXU6BZDP,16,2026-04-25
ILO,SM-S731B,SM-S731B,S731BXXS6AZCH,16,2026-03-27
ILO,SM-S731B,SM-S731B,S731BXXS5AZBB,16,2026-03-07
ILO,SM-S731B,SM-S731B,S731BXXS5AZB6,16,2026-02-14
ILO,SM-S731B,SM-S731B,S731BXXS4AZA2,16,2026-01-07
ILO,SM-S731B,SM-S731B,S731BXXS3AYK1,16,2025-11-28
ILO,SM-S731B,SM-S731B,S731BXXU3AYJ9,16,2025-11-10
ILO,SM-S731B,SM-S731B,S731BXXS2AYID,16,2025-09-30
ILO,SM-S731B,SM-S731B,S731BXXU1AYIB,16,2025-09-16
ILO,SM-S731B,SM-S731B,S731BXXU1AYH9,16,2025-08-14
ILO,SM-A266B,Samsung Galaxy A26 5G,A266BXXSBCZG2,16,2026-07-13
ILO,SM-A266B,Samsung Galaxy A26 5G,A266BXXSACZF1,16,2026-06-10
ILO,SM-A266B,Samsung Galaxy A26 5G,A266BXXU9CZEA,16,2026-05-14
ILO,SM-A266B,Samsung Galaxy A26 5G,A266BXXS9BZD4,16,2026-04-10
ILO,SM-A266B,Samsung Galaxy A26 5G,A266BXXS8BZB6,16,2026-02-23
ILO,SM-A266B,Samsung Galaxy A26 5G,A266BXXS7BZA3,16,2026-01-14
ILO,SM-A266B,Samsung Galaxy A26 5G,A266BXXS6BYL1,16,2025-12-08
ILO,SM-A266B,Samsung Galaxy A26 5G,A266BXXS5BYK2,16,2025-11-11
ILO,SM-A266B,Samsung Galaxy A26 5G,A266BXXU4BYI2,16,2025-09-13
ILO,SM-A266B,Samsung Galaxy A26 5G,A266BXXS4AYGC,15,2025-08-06
ILO,SM-A266B,Samsung Galaxy A26 5G,A266BXXU3AYF2,15,2025-06-30
ILO,SM-A266B,Samsung Galaxy A26 5G,A266BXXU2AYD9,15,2025-05-08
ILO,SM-A266B,Samsung Galaxy A26 5G,A266BXXS2AYC1,15,2025-03-31
ILO,SM-A266B,Samsung Galaxy A26 5G,A266BXXU1AYB5,15,2025-02-14
ILO,SM-A276B,Samsung Galaxy A27 5G,A276BXXS2AZG1,16,2026-07-13
ILO,SM-A276B,Samsung Galaxy A27 5G,A276BXXU1AZEA,16,2026-05-26
ILO,SM-A366B,Samsung Galaxy A36 5G,A366BXXSBCZG1,16,2026-07-13
ILO,SM-A366B,Samsung Galaxy A36 5G,A366BXXSACZF1,16,2026-06-22
ILO,SM-A366B,Samsung Galaxy A36 5G,A366BXXSACZE3,16,2026-05-22
ILO,SM-A366B,Samsung Galaxy A36 5G,A366BXXU9CZDD,16,2026-04-28
ILO,SM-A366B,Samsung Galaxy A36 5G,A366BXXS9BZDA,16,2026-04-24
ILO,SM-A366B,Samsung Galaxy A36 5G,A366BXXS8BZC2,16,2026-03-17
ILO,SM-A366B,Samsung Galaxy A36 5G,A366BXXS8BZB6,16,2026-02-23
ILO,SM-A366B,Samsung Galaxy A36 5G,A366BXXS7BZA1,16,2026-01-15
ILO,SM-A366B,Samsung Galaxy A36 5G,A366BXXS6BYL1,16,2025-12-09
ILO,SM-A366B,Samsung Galaxy A36 5G,A366BXXU5BYK5,16,2025-11-19
ILO,SM-A366B,Samsung Galaxy A36 5G,A366BXXS5BYK3,16,2025-11-12
ILO,SM-A366B,Samsung Galaxy A36 5G,A366BXXU4BYI7,16,2025-09-09
ILO,SM-A366B,Samsung Galaxy A36 5G,A366BXXS4AYHB,15,2025-08-27
ILO,SM-A366B,Samsung Galaxy A36 5G,A366BXXU4AYFD,15,2025-07-02
ILO,SM-A366B,Samsung Galaxy A36 5G,A366BXXU2AYD8,15,2025-04-29
ILO,SM-A366B,Samsung Galaxy A36 5G,A366BXXS2AYC4,15,2025-04-02
ILO,SM-A366B,Samsung Galaxy A36 5G,A366BXXU1AYB9,15,2025-02-17
ILO,SM-A376B,Samsung Galaxy A37 5G,A376BXXS4AZG4,16,2026-07-16
ILO,SM-A376B,Samsung Galaxy A37 5G,A376BXXS3AZF5,16,2026-06-15
ILO,SM-A376B,Samsung Galaxy A37 5G,A376BXXS2AZE2,16,2026-05-11
ILO,SM-A376B,Samsung Galaxy A37 5G,A376BXXU2AZD5,16,2026-04-28
ILO,SM-A376B,Samsung Galaxy A37 5G,A376BXXS2AZC2,16,2026-04-02
ILO,SM-A376B,Samsung Galaxy A37 5G,A376BXXU1AZB7,16,2026-02-13
ILO,SM-A566B,Samsung Galaxy A56 5G,A566BXXSCCZG7,16,2026-07-10
ILO,SM-A566B,Samsung Galaxy A56 5G,A566BXXSBCZF5,16,2026-06-10
ILO,SM-A566B,Samsung Galaxy A56 5G,A566BXXSACZE2,16,2026-05-12
ILO,SM-A566B,Samsung Galaxy A56 5G,A566BXXUACZDR,16,2026-04-28
ILO,SM-A566B,Samsung Galaxy A56 5G,A566BXXSABZD2,16,2026-04-02
ILO,SM-A566B,Samsung Galaxy A56 5G,A566BXXS9BZC5,16,2026-03-10
ILO,SM-A566B,Samsung Galaxy A56 5G,A566BXXS9BZB7,16,2026-02-14
ILO,SM-A566B,Samsung Galaxy A56 5G,A566BXXS8BZA1,16,2026-01-07
ILO,SM-A566B,Samsung Galaxy A56 5G,A566BXXS7BYL4,16,2025-12-04
ILO,SM-A566B,Samsung Galaxy A56 5G,A566BXXS7BYK4,16,2025-11-12
ILO,SM-A566B,Samsung Galaxy A56 5G,A566BXXS6BYJ4,16,2025-10-17
ILO,SM-A566B,Samsung Galaxy A56 5G,A566BXXU6BYI8,16,2025-09-25
ILO,SM-A566B,Samsung Galaxy A56 5G,A566BXXS6AYGG,15,2025-07-30
ILO,SM-A566B,Samsung Galaxy A56 5G,A566BXXS5AYFD,15,2025-07-02
ILO,SM-A566B,Samsung Galaxy A56 5G,A566BXXU4AYF2,15,2025-06-25
ILO,SM-A566B,Samsung Galaxy A56 5G,A566BXXS4AYE5,15,2025-05-29
ILO,SM-A566B,Samsung Galaxy A56 5G,A566BXXU3AYDK,15,2025-05-03
ILO,SM-A566B,Samsung Galaxy A56 5G,A566BXXS2AYD3,15,2025-04-23
ILO,SM-A566B,Samsung Galaxy A56 5G,A566BXXU1AYB7,15,2025-02-17
ILO,SM-A576B,Samsung Galaxy A57 5G,A576BXXS4AZG5,16,2026-07-15
ILO,SM-A576B,Samsung Galaxy A57 5G,A576BXXS3AZF4,16,2026-06-10
ILO,SM-A576B,Samsung Galaxy A57 5G,A576BXXS2AZE2,16,2026-05-12
ILO,SM-A576B,Samsung Galaxy A57 5G,A576BXXU2AZD9,16,2026-04-28
ILO,SM-A576B,Samsung Galaxy A57 5G,A576BXXS2AZD3,16,2026-04-09
ILO,SM-A576B,Samsung Galaxy A57 5G,A576BXXU1AZC2,16,2026-03-20
ILO,SM-A576B,Samsung Galaxy A57 5G,A576BXXU1AZB7,16,2026-02-27
ILO,SM-M556B,Samsung Galaxy M55 5G,M556BXXS5DZH1,16,2026-08-18
ILO,SM-M556B,Samsung Galaxy M55 5G,M556BXXS5DZF2,16,2026-06-11
ILO,SM-M556B,Samsung Galaxy M55 5G,M556BXXU5DZE3,16,2026-05-13
ILO,SM-M556B,Samsung Galaxy M55 5G,M556BXXS5CZB4,16,2026-02-15
ILO,SM-M556B,Samsung Galaxy M55 5G,M556BXXS4CYL1,16,2025-12-15
ILO,SM-M556B,Samsung Galaxy M55 5G,M556BXXU4CYJ4,16,2025-10-18
ILO,SM-M556B,Samsung Galaxy M55 5G,M556BXXS4BYH2,15,2025-08-07
ILO,SM-M556B,Samsung Galaxy M55 5G,M556BXXU4BYE7,15,2025-05-21
ILO,SM-M556B,Samsung Galaxy M55 5G,M556BXXU4AYB3,14,2025-02-18
ILO,SM-M556B,Samsung Galaxy M55 5G,M556BXXS4AXL1,14,2025-01-03
ILO,SM-M556B,Samsung Galaxy M55 5G,M556BXXS4AXK5,14,2024-11-21
ILO,SM-M556B,Samsung Galaxy M55 5G,M556BXXU3AXJA,14,2024-10-31
ILO,SM-M556B,Samsung Galaxy M55 5G,M556BXXS3AXJ6,14,2024-10-14
ILO,SM-M556B,Samsung Galaxy M55 5G,M556BXXS3AXH1,14,2024-08-09
ILO,SM-M556B,Samsung Galaxy M55 5G,M556BXXU2AXE8,14,2024-06-03
ILO,SM-M556B,Samsung Galaxy M55 5G,M556BXXU2AXE5,14,2024-05-21
ILO,SM-M556B,Samsung Galaxy M55 5G,M556BXXU1AXD7,14,2024-04-23
ILO,SM-M556B,Samsung Galaxy M55 5G,M556BXXU1AXC1,14,2024-03-04
ILO,SM-S721B,Samsung Galaxy S24 FE,S721BXXSDDZG1,16,2026-07-06
ILO,SM-S721B,Samsung Galaxy S24 FE,S721BXXSCDZF3,16,2026-06-10
ILO,SM-S721B,Samsung Galaxy S24 FE,S721BXXSBDZE1,16,2026-05-08
ILO,SM-S721B,Samsung Galaxy S24 FE,S721BXXUBDZDP,16,2026-04-25
ILO,SM-S721B,Samsung Galaxy S24 FE,S721BXXSBCZC5,16,2026-04-01
ILO,SM-S721B,Samsung Galaxy S24 FE,S721BXXSACZC1,16,2026-03-09
ILO,SM-S721B,Samsung Galaxy S24 FE,S721BXXSACZB2,16,2026-02-14
ILO,SM-S721B,Samsung Galaxy S24 FE,S721BXXS9CZA2,16,2026-01-07
ILO,SM-S721B,Samsung Galaxy S24 FE,S721BXXS8CYL1,16,2025-12-02
ILO,SM-S721B,Samsung Galaxy S24 FE,S721BXXS8CYK2,16,2025-11-11
ILO,SM-S721B,Samsung Galaxy S24 FE,S721BXXS7CYJ5,16,2025-10-23
ILO,SM-S721B,Samsung Galaxy S24 FE,S721BXXU7CYI5,16,2025-09-10
ILO,SM-S721B,Samsung Galaxy S24 FE,S721BXXS7BYH2,15,2025-08-04
ILO,SM-S721B,Samsung Galaxy S24 FE,S721BXXS6BYF6,15,2025-07-01
ILO,SM-S721B,Samsung Galaxy S24 FE,S721BXXS5BYF2,15,2025-06-03
ILO,SM-S721B,Samsung Galaxy S24 FE,S721BXXS4BYE1,15,2025-05-13
ILO,SM-S721B,Samsung Galaxy S24 FE,S721BXXU3BYD9,15,2025-04-16
ILO,SM-S721B,Samsung Galaxy S24 FE,S721BXXS3AYB5,14,2025-02-28
ILO,SM-S721B,Samsung Galaxy S24 FE,S721BXXS3AYB1,14,2025-02-05
ILO,SM-S721B,Samsung Galaxy S24 FE,S721BXXS3AYA1,14,2025-01-06
ILO,SM-S721B,Samsung Galaxy S24 FE,S721BXXS3AXK7,14,2024-12-03
ILO,SM-S721B,Samsung Galaxy S24 FE,S721BXXU3AXK5,14,2024-11-14
ILO,SM-S721B,Samsung Galaxy S24 FE,S721BXXS2AXI5,14,2024-09-27
ILO,SM-S721B,Samsung Galaxy S24 FE,S721BXXU1AXI3,14,2024-09-06
ILO,SM-S931B,Samsung Galaxy S25 5G,S931BXXSCCZH1,16,2026-08-11
ILO,SM-S931B,Samsung Galaxy S25 5G,S931BXXSBCZG3,16,2026-07-02
ILO,SM-S931B,Samsung Galaxy S25 5G,S931BXXUACZF1,16,2026-06-02
ILO,SM-S931B,Samsung Galaxy S25 5G,S931BXXS9CZE1,16,2026-05-09
ILO,SM-S931B,Samsung Galaxy S25 5G,S931BXXU9CZDP,16,2026-04-24
ILO,SM-S931B,Samsung Galaxy S25 5G,S931BXXS9BZCH,16,2026-03-28
ILO,SM-S931B,Samsung Galaxy S25 5G,S931BXXS8BZC1,16,2026-03-09
ILO,SM-S931B,Samsung Galaxy S25 5G,S931BXXS8BZB5,16,2026-02-15
ILO,SM-S931B,Samsung Galaxy S25 5G,S931BXXS7BYLR,16,2026-01-06
ILO,SM-S931B,Samsung Galaxy S25 5G,S931BXXS7BYKS,16,2025-12-01
ILO,SM-S931B,Samsung Galaxy S25 5G,S931BXXS7BYK3,16,2025-11-11
ILO,SM-S931B,Samsung Galaxy S25 5G,S931BXXS6BYIF,16,2025-10-01
ILO,SM-S931B,Samsung Galaxy S25 5G,S931BXXU5BYI3,16,2025-09-04
ILO,SM-S931B,Samsung Galaxy S25 5G,S931BXXS5AYG4,15,2025-07-27
ILO,SM-S931B,Samsung Galaxy S25 5G,S931BXXS5AYF6,15,2025-07-01
ILO,SM-S931B,Samsung Galaxy S25 5G,S931BXXS4AYF2,15,2025-06-04
ILO,SM-S931B,Samsung Galaxy S25 5G,S931BXXS3AYDA,15,2025-04-29
ILO,SM-S931B,Samsung Galaxy S25 5G,S931BXXU2AYD9,15,2025-04-09
ILO,SM-S931B,Samsung Galaxy S25 5G,S931BXXS1AYC2,15,2025-03-12
ILO,SM-S931B,Samsung Galaxy S25 5G,S931BXXU1AYB4,15,2025-02-08
ILO,SM-S931B,Samsung Galaxy S25 5G,S931BXXU1AYA1,15,2025-01-02
ILO,SM-S937B,Samsung Galaxy S25 Edge,S937BXXS9CZG3,16,2026-07-02
ILO,SM-S937B,Samsung Galaxy S25 Edge,S937BXXU8CZF1,16,2026-06-02
ILO,SM-S937B,Samsung Galaxy S25 Edge,S937BXXS7CZE1,16,2026-05-09
ILO,SM-S937B,Samsung Galaxy S25 Edge,S937BXXU7CZDP,16,2026-04-24
ILO,SM-S937B,Samsung Galaxy S25 Edge,S937BXXS7BZCH,16,2026-03-28
ILO,SM-S937B,Samsung Galaxy S25 Edge,S937BXXS6BZC1,16,2026-03-09
ILO,SM-S937B,Samsung Galaxy S25 Edge,S937BXXS6BZB5,16,2026-02-19
ILO,SM-S937B,Samsung Galaxy S25 Edge,S937BXXS5BYLR,16,2026-01-06
ILO,SM-S937B,Samsung Galaxy S25 Edge,S937BXXS4BYKS,16,2025-12-01
ILO,SM-S937B,Samsung Galaxy S25 Edge,S937BXXS4BYK3,16,2025-11-11
ILO,SM-S937B,Samsung Galaxy S25 Edge,S937BXXS3BYIF,16,2025-10-01
ILO,SM-S937B,Samsung Galaxy S25 Edge,S937BXXU2BYI3,16,2025-09-04
ILO,SM-S937B,Samsung Galaxy S25 Edge,S937BXXS2AYG8,15,2025-07-29
ILO,SM-S937B,Samsung Galaxy S25 Edge,S937BXXS2AYF6,15,2025-06-30
ILO,SM-S937B,Samsung Galaxy S25 Edge,S937BXXS1AYF3,15,2025-06-07
ILO,SM-S937B,Samsung Galaxy S25 Edge,S937BXXU1AYD5,15,2025-04-11
ILO,SM-S938B,Samsung Galaxy S25 Ultra 5G,S938BXXSCCZH1,16,2026-08-11
ILO,SM-S938B,Samsung Galaxy S25 Ultra 5G,S938BXXSBCZG3,16,2026-07-02
ILO,SM-S938B,Samsung Galaxy S25 Ultra 5G,S938BXXUACZF1,16,2026-06-02
ILO,SM-S938B,Samsung Galaxy S25 Ultra 5G,S938BXXS9CZE1,16,2026-05-09
ILO,SM-S938B,Samsung Galaxy S25 Ultra 5G,S938BXXU9CZDP,16,2026-04-24
ILO,SM-S938B,Samsung Galaxy S25 Ultra 5G,S938BXXS9BZCH,16,2026-03-28
ILO,SM-S938B,Samsung Galaxy S25 Ultra 5G,S938BXXS8BZC1,16,2026-03-09
ILO,SM-S938B,Samsung Galaxy S25 Ultra 5G,S938BXXS8BZB5,16,2026-02-15
ILO,SM-S938B,Samsung Galaxy S25 Ultra 5G,S938BXXS7BYLR,16,2026-01-06
ILO,SM-S938B,Samsung Galaxy S25 Ultra 5G,S938BXXS7BYKS,16,2025-12-01
ILO,SM-S938B,Samsung Galaxy S25 Ultra 5G,S938BXXS7BYK3,16,2025-11-11
ILO,SM-S938B,Samsung Galaxy S25 Ultra 5G,S938BXXS6BYIF,16,2025-10-01
ILO,SM-S938B,Samsung Galaxy S25 Ultra 5G,S938BXXU5BYI3,16,2025-09-04
ILO,SM-S938B,Samsung Galaxy S25 Ultra 5G,S938BXXS5AYG4,15,2025-07-27
ILO,SM-S938B,Samsung Galaxy S25 Ultra 5G,S938BXXS5AYF6,15,2025-07-01
ILO,SM-S938B,Samsung Galaxy S25 Ultra 5G,S938BXXS4AYF2,15,2025-06-04
ILO,SM-S938B,Samsung Galaxy S25 Ultra 5G,S938BXXS3AYDA,15,2025-04-29
ILO,SM-S938B,Samsung Galaxy S25 Ultra 5G,S938BXXU2AYD9,15,2025-04-09
ILO,SM-S938B,Samsung Galaxy S25 Ultra 5G,S938BXXS1AYC2,15,2025-03-12
ILO,SM-S938B,Samsung Galaxy S25 Ultra 5G,S938BXXU1AYB4,15,2025-02-08
ILO,SM-S938B,Samsung Galaxy S25 Ultra 5G,S938BXXU1AYA1,15,2025-01-02
ILO,SM-S936B,Samsung Galaxy S25+ 5G,S936BXXSBCZG3,16,2026-07-02
ILO,SM-S936B,Samsung Galaxy S25+ 5G,S936BXXUACZF1,16,2026-06-02
ILO,SM-S936B,Samsung Galaxy S25+ 5G,S936BXXS9CZE1,16,2026-05-09
ILO,SM-S936B,Samsung Galaxy S25+ 5G,S936BXXU9CZDP,16,2026-04-24
ILO,SM-S936B,Samsung Galaxy S25+ 5G,S936BXXS9BZCH,16,2026-03-28
ILO,SM-S936B,Samsung Galaxy S25+ 5G,S936BXXS8BZC1,16,2026-03-09
ILO,SM-S936B,Samsung Galaxy S25+ 5G,S936BXXS8BZB5,16,2026-02-15
ILO,SM-S936B,Samsung Galaxy S25+ 5G,S936BXXS7BYLR,16,2026-01-06
ILO,SM-S936B,Samsung Galaxy S25+ 5G,S936BXXS7BYKS,16,2025-12-01
ILO,SM-S936B,Samsung Galaxy S25+ 5G,S936BXXS7BYK3,16,2025-11-11
ILO,SM-S936B,Samsung Galaxy S25+ 5G,S936BXXS6BYIF,16,2025-10-01
ILO,SM-S936B,Samsung Galaxy S25+ 5G,S936BXXU5BYI3,16,2025-09-04
ILO,SM-S936B,Samsung Galaxy S25+ 5G,S936BXXS5AYG4,15,2025-07-27
ILO,SM-S936B,Samsung Galaxy S25+ 5G,S936BXXS5AYF6,15,2025-07-01
ILO,SM-S936B,Samsung Galaxy S25+ 5G,S936BXXS4AYF2,15,2025-06-04
ILO,SM-S936B,Samsung Galaxy S25+ 5G,S936BXXS3AYDA,15,2025-04-29
ILO,SM-S936B,Samsung Galaxy S25+ 5G,S936BXXU2AYD9,15,2025-04-09
ILO,SM-S936B,Samsung Galaxy S25+ 5G,S936BXXS1AYC2,15,2025-03-12
ILO,SM-S936B,Samsung Galaxy S25+ 5G,S936BXXU1AYB4,15,2025-02-08
ILO,SM-S936B,Samsung Galaxy S25+ 5G,S936BXXU1AYA1,15,2025-01-02
ILO,SM-S942B,Samsung Galaxy S26 5G,S942BXXS4AZHA,16,2026-08-14
ILO,SM-S942B,Samsung Galaxy S26 5G,S942BXXS4AZG5,16,2026-07-02
ILO,SM-S942B,Samsung Galaxy S26 5G,S942BXXS3AZF1,16,2026-06-01
ILO,SM-S942B,Samsung Galaxy S26 5G,S942BXXS2AZE2,16,2026-05-09
ILO,SM-S942B,Samsung Galaxy S26 5G,S942BXXU2AZDE,16,2026-04-23
ILO,SM-S942B,Samsung Galaxy S26 5G,S942BXXS2AZCO,16,2026-03-28
ILO,SM-S942B,Samsung Galaxy S26 5G,S942BXXU1AZCF,16,2026-03-15
ILO,SM-S942B,Samsung Galaxy S26 5G,S942BXXS1AZC7,16,2026-03-06
ILO,SM-S942B,Samsung Galaxy S26 5G,S942BXXU1AZAQ,16,2026-02-03
ILO,SM-S948B,Samsung Galaxy S26 Ultra 5G,S948BXXS4AZHL,16,2026-08-26
ILO,SM-S948B,Samsung Galaxy S26 Ultra 5G,S948BXXS4AZG5,16,2026-07-02
ILO,SM-S948B,Samsung Galaxy S26 Ultra 5G,S948BXXS3AZF1,16,2026-06-01
ILO,SM-S948B,Samsung Galaxy S26 Ultra 5G,S948BXXS2AZE2,16,2026-05-09
ILO,SM-S948B,Samsung Galaxy S26 Ultra 5G,S948BXXU2AZDE,16,2026-04-23
ILO,SM-S948B,Samsung Galaxy S26 Ultra 5G,S948BXXS2AZCL,16,2026-03-26
ILO,SM-S948B,Samsung Galaxy S26 Ultra 5G,S948BXXU1AZCF,16,2026-03-15
ILO,SM-S948B,Samsung Galaxy S26 Ultra 5G,S948BXXS1AZC7,16,2026-03-05
ILO,SM-S948B,Samsung Galaxy S26 Ultra 5G,S948BXXU1AZAB,16,2026-01-13
ILO,SM-S947B,Samsung Galaxy S26+,S947BXXS4AZHA,16,2026-08-14
ILO,SM-S947B,Samsung Galaxy S26+,S947BXXS4AZG5,16,2026-07-02
ILO,SM-S947B,Samsung Galaxy S26+,S947BXXS3AZF1,16,2026-06-01
ILO,SM-S947B,Samsung Galaxy S26+,S947BXXS2AZE2,16,2026-05-09
ILO,SM-S947B,Samsung Galaxy S26+,S947BXXU2AZDE,16,2026-04-23
ILO,SM-S947B,Samsung Galaxy S26+,S947BXXS2AZCO,16,2026-03-28
ILO,SM-S947B,Samsung Galaxy S26+,S947BXXU1AZCF,16,2026-03-15
ILO,SM-S947B,Samsung Galaxy S26+,S947BXXS1AZC7,16,2026-03-06
ILO,SM-S947B,Samsung Galaxy S26+,S947BXXU1AZAQ,16,2026-02-03
ILO,SM-X526B,Samsung Galaxy Tab S10 FE,X526BXXS9CZG3,16,2026-07-15
ILO,SM-X526B,Samsung Galaxy Tab S10 FE,X526BXXS8CZF2,16,2026-06-19
ILO,SM-X526B,Samsung Galaxy Tab S10 FE,X526BXXU7CZE3,16,2026-05-14
ILO,SM-X526B,Samsung Galaxy Tab S10 FE,X526BXXS7BZB7,16,2026-02-15
ILO,SM-X526B,Samsung Galaxy Tab S10 FE,X526BXXS6BZA3,16,2026-01-19
ILO,SM-X526B,Samsung Galaxy Tab S10 FE,X526BXXS5BYL2,16,2025-12-08
ILO,SM-X526B,Samsung Galaxy Tab S10 FE,X526BXXU4BYJ2,16,2025-10-20
ILO,SM-X526B,Samsung Galaxy Tab S10 FE,X526BXXU4BYI7,16,2025-09-26
ILO,SM-X526B,Samsung Galaxy Tab S10 FE,X526BXXS4AYH2,15,2025-08-12
ILO,SM-X526B,Samsung Galaxy Tab S10 FE,X526BXXU3AYE5,15,2025-05-20
ILO,SM-X526B,Samsung Galaxy Tab S10 FE,X526BXXS2AYD3,15,2025-04-14
ILO,SM-X526B,Samsung Galaxy Tab S10 FE,X526BXXU1AYC5,15,2025-03-26
ILO,SM-G766B,Samsung Galaxy XCover7 Pro,G766BXXS9CZG2,16,2026-07-03
ILO,SM-G766B,Samsung Galaxy XCover7 Pro,G766BXXS8CZF2,16,2026-06-10
ILO,SM-G766B,Samsung Galaxy XCover7 Pro,G766BXXU7CZE7,16,2026-05-20
ILO,SM-G766B,Samsung Galaxy XCover7 Pro,G766BXXS7BZE2,16,2026-05-06
ILO,SM-G766B,Samsung Galaxy XCover7 Pro,G766BXXS7BZD1,16,2026-04-03
ILO,SM-G766B,Samsung Galaxy XCover7 Pro,G766BXXS6BZC1,16,2026-03-12
ILO,SM-G766B,Samsung Galaxy XCover7 Pro,G766BXXS6BZB5,16,2026-02-14
ILO,SM-G766B,Samsung Galaxy XCover7 Pro,G766BXXS5BZA1,16,2026-01-07
ILO,SM-G766B,Samsung Galaxy XCover7 Pro,G766BXXS4BYL1,16,2025-12-02
ILO,SM-G766B,Samsung Galaxy XCover7 Pro,G766BXXS4BYK2,16,2025-11-12
ILO,SM-G766B,Samsung Galaxy XCover7 Pro,G766BXXS3BYJ1,16,2025-10-18
ILO,SM-G766B,Samsung Galaxy XCover7 Pro,G766BXXU3BYI8,16,2025-10-01
ILO,SM-G766B,Samsung Galaxy XCover7 Pro,G766BXXS3AYI1,15,2025-09-08
ILO,SM-G766B,Samsung Galaxy XCover7 Pro,G766BXXS2AYH2,15,2025-08-08
ILO,SM-G766B,Samsung Galaxy XCover7 Pro,G766BXXS2AYG1,15,2025-07-02
ILO,SM-G766B,Samsung Galaxy XCover7 Pro,G766BXXS1AYF1,15,2025-06-05
ILO,SM-G766B,Samsung Galaxy XCover7 Pro,G766BXXU1AYE7,15,2025-05-21
ILO,SM-G766B,Samsung Galaxy XCover7 Pro,G766BXXU1AYD1,15,2025-04-09
ILO,SM-F741B,Samsung Galaxy Z Flip 6,F741BXXS4DZH5,16,2026-08-12
ILO,SM-F741B,Samsung Galaxy Z Flip 6,F741BXXS4DZG3,16,2026-07-08
ILO,SM-F741B,Samsung Galaxy Z Flip 6,F741BXXS4DZF1,16,2026-06-15
ILO,SM-F741B,Samsung Galaxy Z Flip 6,F741BXXS4DZE1,16,2026-05-19
ILO,SM-F741B,Samsung Galaxy Z Flip 6,F741BXXU3DZDP,16,2026-04-25
ILO,SM-F741B,Samsung Galaxy Z Flip 6,F741BXXS3CZC5,16,2026-03-31
ILO,SM-F741B,Samsung Galaxy Z Flip 6,F741BXXS3CZC1,16,2026-03-09
ILO,SM-F741B,Samsung Galaxy Z Flip 6,F741BXXS3CZB6,16,2026-02-14
ILO,SM-F741B,Samsung Galaxy Z Flip 6,F741BXXS2CYL5,16,2026-01-05
ILO,SM-F741B,Samsung Galaxy Z Flip 6,F741BXXS2CYK6,16,2025-11-28
ILO,SM-F741B,Samsung Galaxy Z Flip 6,F741BXXS2CYK3,16,2025-11-11
ILO,SM-F741B,Samsung Galaxy Z Flip 6,F741BXXS2CYJ1,16,2025-10-28
ILO,SM-F741B,Samsung Galaxy Z Flip 6,F741BXXS2CYJ1,16,2025-10-16
ILO,SM-F741B,Samsung Galaxy Z Flip 6,F741BXXU2CYI6,16,2025-09-09
ILO,SM-F741B,Samsung Galaxy Z Flip 6,F741BXXS2BYGB,15,2025-07-31
ILO,SM-F741B,Samsung Galaxy Z Flip 6,F741BXXS2BYFC,15,2025-06-27
ILO,SM-F741B,Samsung Galaxy Z Flip 6,F741BXXS2BYER,15,2025-05-28
ILO,SM-F741B,Samsung Galaxy Z Flip 6,F741BXXS2BYDF,15,2025-05-09
ILO,SM-F741B,Samsung Galaxy Z Flip 6,F741BXXU2BYD9,15,2025-04-15
ILO,SM-F741B,Samsung Galaxy Z Flip 6,F741BXXS2AYB3,14,2025-02-25
ILO,SM-F741B,Samsung Galaxy Z Flip 6,F741BXXS2AYA9,14,2025-02-04
ILO,SM-F741B,Samsung Galaxy Z Flip 6,F741BXXS2AYA4,14,2025-01-13
ILO,SM-F741B,Samsung Galaxy Z Flip 6,F741BXXS2AXKD,14,2024-11-28
ILO,SM-F741B,Samsung Galaxy Z Flip 6,F741BXXU2AXKA,14,2024-11-12
ILO,SM-F741B,Samsung Galaxy Z Flip 6,F741BXXS1AXI3,14,2024-09-30
ILO,SM-F741B,Samsung Galaxy Z Flip 6,F741BXXS1AXHD,14,2024-08-29
ILO,SM-F741B,Samsung Galaxy Z Flip 6,F741BXXU1AXH7,14,2024-08-17
ILO,SM-F741B,Samsung Galaxy Z Flip 6,F741BXXU1AXFD,14,2024-06-20
ILO,SM-F766B,Samsung Galaxy Z Flip 7,F766BXXSBBZG3,16,2026-07-03
ILO,SM-F766B,Samsung Galaxy Z Flip 7,F766BXXUABZF3,16,2026-06-08
ILO,SM-F766B,Samsung Galaxy Z Flip 7,F766BXXS9BZE2,16,2026-05-11
ILO,SM-F766B,Samsung Galaxy Z Flip 7,F766BXXU9BZDP,16,2026-04-25
ILO,SM-F766B,Samsung Galaxy Z Flip 7,F766BXXS9AZD1,16,2026-04-06
ILO,SM-F766B,Samsung Galaxy Z Flip 7,F766BXXS8AZC3,16,2026-03-10
ILO,SM-F766B,Samsung Galaxy Z Flip 7,F766BXXS8AZB6,16,2026-02-13
ILO,SM-F766B,Samsung Galaxy Z Flip 7,F766BXXS7AZA1,16,2026-01-06
ILO,SM-F766B,Samsung Galaxy Z Flip 7,F766BXXS6AYKF,16,2025-11-28
ILO,SM-F766B,Samsung Galaxy Z Flip 7,F766BXXU6AYK9,16,2025-11-07
ILO,SM-F766B,Samsung Galaxy Z Flip 7,F766BXXS5AYJ3,16,2025-10-16
ILO,SM-F766B,Samsung Galaxy Z Flip 7,F766BXXU4AYI1,16,2025-09-02
ILO,SM-F766B,Samsung Galaxy Z Flip 7,F766BXXS3AYH3,16,2025-08-12
ILO,SM-F766B,Samsung Galaxy Z Flip 7,F766BXXS2AYGD,16,2025-07-28
ILO,SM-F766B,Samsung Galaxy Z Flip 7,F766BXXU1AYFP,16,2025-06-24
ILO,SM-F761B,Samsung Galaxy Z Flip 7 FE,F761BXXS3AYH3,16,2025-08-12
ILO,SM-F761B,Samsung Galaxy Z Flip 7 FE,F761BXXS2AYG5,16,2025-07-11
ILO,SM-F761B,Samsung Galaxy Z Flip 7 FE,F761BXXU1AYFK,16,2025-06-18
ILO,SM-F776B,Samsung Galaxy Z Flip 8,F776BXXS2AZH8,17,2026-08-28
ILO,SM-F776B,Samsung Galaxy Z Flip 8,F776BXXS2AZH7,17,2026-08-10
ILO,SM-F776B,Samsung Galaxy Z Flip 8,F776BXXU1AZGI,17,2026-07-25
ILO,SM-F776B,Samsung Galaxy Z Flip 8,F776BXXU1AZFX,17,2026-06-26
ILO,SM-F956B,Samsung Galaxy Z Fold6,F956BXXS4DZH5,16,2026-08-12
ILO,SM-F956B,Samsung Galaxy Z Fold6,F956BXXS4DZG3,16,2026-07-08
ILO,SM-F956B,Samsung Galaxy Z Fold6,F956BXXS4DZF1,16,2026-06-15
ILO,SM-F956B,Samsung Galaxy Z Fold6,F956BXXS4DZE1,16,2026-05-19
ILO,SM-F956B,Samsung Galaxy Z Fold6,F956BXXU3DZDP,16,2026-04-25
ILO,SM-F956B,Samsung Galaxy Z Fold6,F956BXXS3CZC5,16,2026-03-31
ILO,SM-F956B,Samsung Galaxy Z Fold6,F956BXXS3CZC1,16,2026-03-09
ILO,SM-F956B,Samsung Galaxy Z Fold6,F956BXXS3CZB6,16,2026-02-13
ILO,SM-F956B,Samsung Galaxy Z Fold6,F956BXXS2CYL5,16,2026-01-05
ILO,SM-F956B,Samsung Galaxy Z Fold6,F956BXXS2CYK6,16,2025-11-28
ILO,SM-F956B,Samsung Galaxy Z Fold6,F956BXXS2CYK3,16,2025-11-11
ILO,SM-F956B,Samsung Galaxy Z Fold6,F956BXXS2CYJ1,16,2025-10-28
ILO,SM-F956B,Samsung Galaxy Z Fold6,F956BXXS2CYJ1,16,2025-10-16
ILO,SM-F956B,Samsung Galaxy Z Fold6,F956BXXU2CYI7,16,2025-09-11
ILO,SM-F956B,Samsung Galaxy Z Fold6,F956BXXS2BYGB,15,2025-07-31
ILO,SM-F956B,Samsung Galaxy Z Fold6,F956BXXS2BYFC,15,2025-06-27
ILO,SM-F956B,Samsung Galaxy Z Fold6,F956BXXS2BYER,15,2025-05-28
ILO,SM-F956B,Samsung Galaxy Z Fold6,F956BXXS2BYDF,15,2025-05-09
ILO,SM-F956B,Samsung Galaxy Z Fold6,F956BXXU2BYD9,15,2025-04-15
ILO,SM-F956B,Samsung Galaxy Z Fold6,F956BXXS2AYB3,14,2025-02-25
ILO,SM-F956B,Samsung Galaxy Z Fold6,F956BXXS2AYA9,14,2025-02-04
ILO,SM-F956B,Samsung Galaxy Z Fold6,F956BXXS2AYA4,14,2025-01-13
ILO,SM-F956B,Samsung Galaxy Z Fold6,F956BXXS2AXKD,14,2024-11-28
ILO,SM-F956B,Samsung Galaxy Z Fold6,F956BXXU2AXKA,14,2024-11-12
ILO,SM-F956B,Samsung Galaxy Z Fold6,F956BXXS1AXI3,14,2024-09-30
ILO,SM-F956B,Samsung Galaxy Z Fold6,F956BXXS1AXHD,14,2024-08-29
ILO,SM-F956B,Samsung Galaxy Z Fold6,F956BXXU1AXH7,14,2024-08-17
ILO,SM-F956B,Samsung Galaxy Z Fold6,F956BXXU1AXFD,14,2024-06-20
ILO,SM-F966B,Samsung Galaxy Z Fold7,F966BXXSBBZG3,16,2026-07-03
ILO,SM-F966B,Samsung Galaxy Z Fold7,F966BXXUABZF1,16,2026-06-02
ILO,SM-F966B,Samsung Galaxy Z Fold7,F966BXXS9BZE2,16,2026-05-11
ILO,SM-F966B,Samsung Galaxy Z Fold7,F966BXXU9BZDP,16,2026-04-25
ILO,SM-F966B,Samsung Galaxy Z Fold7,F966BXXS9AZC8,16,2026-03-30
ILO,SM-F966B,Samsung Galaxy Z Fold7,F966BXXS8AZC2,16,2026-03-09
ILO,SM-F966B,Samsung Galaxy Z Fold7,F966BXXS8AZB6,16,2026-02-13
ILO,SM-F966B,Samsung Galaxy Z Fold7,F966BXXS7AZA1,16,2026-01-06
ILO,SM-F966B,Samsung Galaxy Z Fold7,F966BXXS6AYKF,16,2025-11-28
ILO,SM-F966B,Samsung Galaxy Z Fold7,F966BXXU6AYK9,16,2025-11-07
ILO,SM-F966B,Samsung Galaxy Z Fold7,F966BXXS5AYJ3,16,2025-10-16
ILO,SM-F966B,Samsung Galaxy Z Fold7,F966BXXU4AYI1,16,2025-09-02
ILO,SM-F966B,Samsung Galaxy Z Fold7,F966BXXS3AYH1,16,2025-08-06
ILO,SM-F966B,Samsung Galaxy Z Fold7,F966BXXS2AYGG,16,2025-07-29
ILO,SM-F966B,Samsung Galaxy Z Fold7,F966BXXU1AYFJ,16,2025-06-17
ILO,SM-F971B,Samsung Galaxy Z Fold8,F971BXXS2AZH7,17,2026-08-10
ILO,SM-F971B,Samsung Galaxy Z Fold8,F971BXXU1AZGI,17,2026-07-24
ILO,SM-F971B,Samsung Galaxy Z Fold8,F971BXXU1AZFW,17,2026-06-25
ILO,SM-F976B,Samsung Galaxy Z Fold8 Ultra,F976BXXS2AZH7,17,2026-08-10
ILO,SM-F976B,Samsung Galaxy Z Fold8 Ultra,F976BXXU1AZGI,17,2026-07-24
ILO,SM-F976B,Samsung Galaxy Z Fold8 Ultra,F976BXXU1AZFW,17,2026-06-25
MID,SM-A176B,SM-A176B,A176BXXS6CZG7,16,2026-07-18
MID,SM-A176B,SM-A176B,A176BXXU5CZE9,16,2026-05-14
MID,SM-A176B,SM-A176B,A176BXXU5BZC7,16,2026-03-13
MID,SM-A176B,SM-A176B,A176BXXS5BZBE,16,2026-02-15
MID,SM-A176B,SM-A176B,A176BXXS4BZA5,16,2026-01-26
MID,SM-A176B,SM-A176B,A176BXXU3BYK3,16,2025-11-17
MID,SM-A176B,SM-A176B,A176BXXS3BYJ1,16,2025-10-29
MID,SM-A176B,SM-A176B,A176BXXU2BYID,16,2025-09-26
MID,SM-A176B,SM-A176B,A176BXXS2AYI3,15,2025-09-03
MID,SM-A176B,SM-A176B,A176BXXU1AYG9,15,2025-07-23
MID,SM-S731B,SM-S731B,S731BXXS9BZH1,16,2026-08-14
MID,SM-S731B,SM-S731B,S731BXXS8BZG1,16,2026-07-07
MID,SM-S731B,SM-S731B,S731BXXS7BZF3,16,2026-06-10
MID,SM-S731B,SM-S731B,S731BXXS6BZE2,16,2026-05-09
MID,SM-S731B,SM-S731B,S731BXXU6BZDP,16,2026-04-25
MID,SM-S731B,SM-S731B,S731BXXS6AZCH,16,2026-03-27
MID,SM-S731B,SM-S731B,S731BXXS5AZBB,16,2026-03-07
MID,SM-S731B,SM-S731B,S731BXXS5AZB6,16,2026-02-14
MID,SM-S731B,SM-S731B,S731BXXS4AZA2,16,2026-01-07
MID,SM-S731B,SM-S731B,S731BXXS3AYK1,16,2025-11-28
MID,SM-S731B,SM-S731B,S731BXXU3AYJ9,16,2025-11-10
MID,SM-S731B,SM-S731B,S731BXXS2AYID,16,2025-09-30
MID,SM-S731B,SM-S731B,S731BXXU1AYIB,16,2025-09-16
MID,SM-S731B,SM-S731B,S731BXXU1AYH9,16,2025-08-14
MID,SM-A266B,Samsung Galaxy A26 5G,A266BXXSBCZG2,16,2026-07-13
MID,SM-A266B,Samsung Galaxy A26 5G,A266BXXSACZF1,16,2026-06-10
MID,SM-A266B,Samsung Galaxy A26 5G,A266BXXU9CZEA,16,2026-05-14
MID,SM-A266B,Samsung Galaxy A26 5G,A266BXXS9BZD4,16,2026-04-10
MID,SM-A266B,Samsung Galaxy A26 5G,A266BXXS8BZB6,16,2026-02-23
MID,SM-A266B,Samsung Galaxy A26 5G,A266BXXS7BZA3,16,2026-01-14
MID,SM-A266B,Samsung Galaxy A26 5G,A266BXXS6BYL1,16,2025-12-08
MID,SM-A266B,Samsung Galaxy A26 5G,A266BXXS5BYK2,16,2025-11-11
MID,SM-A266B,Samsung Galaxy A26 5G,A266BXXU4BYI2,16,2025-09-13
MID,SM-A266B,Samsung Galaxy A26 5G,A266BXXS4AYGC,15,2025-08-06
MID,SM-A266B,Samsung Galaxy A26 5G,A266BXXU3AYF2,15,2025-06-30
MID,SM-A266B,Samsung Galaxy A26 5G,A266BXXU2AYD9,15,2025-05-08
MID,SM-A266B,Samsung Galaxy A26 5G,A266BXXS2AYC1,15,2025-03-31
MID,SM-A266B,Samsung Galaxy A26 5G,A266BXXU1AYB5,15,2025-02-14
MID,SM-A276B,Samsung Galaxy A27 5G,A276BXXS2AZG1,16,2026-07-13
MID,SM-A276B,Samsung Galaxy A27 5G,A276BXXU1AZEA,16,2026-05-26
MID,SM-A366B,Samsung Galaxy A36 5G,A366BXXSBCZG1,16,2026-07-13
MID,SM-A366B,Samsung Galaxy A36 5G,A366BXXSACZF1,16,2026-06-22
MID,SM-A366B,Samsung Galaxy A36 5G,A366BXXSACZE3,16,2026-05-22
MID,SM-A366B,Samsung Galaxy A36 5G,A366BXXU9CZDD,16,2026-04-28
MID,SM-A366B,Samsung Galaxy A36 5G,A366BXXS9BZDA,16,2026-04-24
MID,SM-A366B,Samsung Galaxy A36 5G,A366BXXS8BZC2,16,2026-03-17
MID,SM-A366B,Samsung Galaxy A36 5G,A366BXXS8BZB6,16,2026-02-23
MID,SM-A366B,Samsung Galaxy A36 5G,A366BXXS7BZA1,16,2026-01-15
MID,SM-A366B,Samsung Galaxy A36 5G,A366BXXS6BYL1,16,2025-12-09
MID,SM-A366B,Samsung Galaxy A36 5G,A366BXXU5BYK5,16,2025-11-19
MID,SM-A366B,Samsung Galaxy A36 5G,A366BXXS5BYK3,16,2025-11-12
MID,SM-A366B,Samsung Galaxy A36 5G,A366BXXU4BYI7,16,2025-09-09
MID,SM-A366B,Samsung Galaxy A36 5G,A366BXXS4AYHB,15,2025-08-27
MID,SM-A366B,Samsung Galaxy A36 5G,A366BXXU4AYFD,15,2025-07-02
MID,SM-A366B,Samsung Galaxy A36 5G,A366BXXU2AYD8,15,2025-04-29
MID,SM-A366B,Samsung Galaxy A36 5G,A366BXXS2AYC4,15,2025-04-02
MID,SM-A366B,Samsung Galaxy A36 5G,A366BXXU1AYB9,15,2025-02-17
MID,SM-A376B,Samsung Galaxy A37 5G,A376BXXS4AZG4,16,2026-07-16
MID,SM-A376B,Samsung Galaxy A37 5G,A376BXXS3AZF5,16,2026-06-15
MID,SM-A376B,Samsung Galaxy A37 5G,A376BXXS2AZE2,16,2026-05-11
MID,SM-A376B,Samsung Galaxy A37 5G,A376BXXU2AZD5,16,2026-04-28
MID,SM-A376B,Samsung Galaxy A37 5G,A376BXXS2AZC2,16,2026-04-02
MID,SM-A376B,Samsung Galaxy A37 5G,A376BXXU1AZB7,16,2026-02-13
MID,SM-A566B,Samsung Galaxy A56 5G,A566BXXSCCZG7,16,2026-07-10
MID,SM-A566B,Samsung Galaxy A56 5G,A566BXXSBCZF5,16,2026-06-10
MID,SM-A566B,Samsung Galaxy A56 5G,A566BXXSACZE2,16,2026-05-12
MID,SM-A566B,Samsung Galaxy A56 5G,A566BXXUACZDR,16,2026-04-28
MID,SM-A566B,Samsung Galaxy A56 5G,A566BXXSABZD2,16,2026-04-02
MID,SM-A566B,Samsung Galaxy A56 5G,A566BXXS9BZC5,16,2026-03-10
MID,SM-A566B,Samsung Galaxy A56 5G,A566BXXS9BZB7,16,2026-02-14
MID,SM-A566B,Samsung Galaxy A56 5G,A566BXXS8BZA1,16,2026-01-07
MID,SM-A566B,Samsung Galaxy A56 5G,A566BXXS7BYL4,16,2025-12-04
MID,SM-A566B,Samsung Galaxy A56 5G,A566BXXS7BYK4,16,2025-11-12
MID,SM-A566B,Samsung Galaxy A56 5G,A566BXXS6BYJ4,16,2025-10-17
MID,SM-A566B,Samsung Galaxy A56 5G,A566BXXU6BYI8,16,2025-09-25
MID,SM-A566B,Samsung Galaxy A56 5G,A566BXXS6AYGG,15,2025-07-30
MID,SM-A566B,Samsung Galaxy A56 5G,A566BXXS5AYFD,15,2025-07-02
MID,SM-A566B,Samsung Galaxy A56 5G,A566BXXU4AYF2,15,2025-06-25
MID,SM-A566B,Samsung Galaxy A56 5G,A566BXXS4AYE5,15,2025-05-29
MID,SM-A566B,Samsung Galaxy A56 5G,A566BXXU3AYDK,15,2025-05-03
MID,SM-A566B,Samsung Galaxy A56 5G,A566BXXS2AYD3,15,2025-04-23
MID,SM-A566B,Samsung Galaxy A56 5G,A566BXXU1AYB7,15,2025-02-17
MID,SM-A576B,Samsung Galaxy A57 5G,A576BXXS4AZG5,16,2026-07-15
MID,SM-A576B,Samsung Galaxy A57 5G,A576BXXS3AZF4,16,2026-06-10
MID,SM-A576B,Samsung Galaxy A57 5G,A576BXXS2AZE2,16,2026-05-12
MID,SM-A576B,Samsung Galaxy A57 5G,A576BXXU2AZD9,16,2026-04-28
MID,SM-A576B,Samsung Galaxy A57 5G,A576BXXS2AZD3,16,2026-04-09
MID,SM-A576B,Samsung Galaxy A57 5G,A576BXXU1AZC2,16,2026-03-20
MID,SM-A576B,Samsung Galaxy A57 5G,A576BXXU1AZB7,16,2026-02-27
MID,SM-M556B,Samsung Galaxy M55 5G,M556BXXS5DZH1,16,2026-08-18
MID,SM-M556B,Samsung Galaxy M55 5G,M556BXXS5DZF2,16,2026-06-11
MID,SM-M556B,Samsung Galaxy M55 5G,M556BXXU5DZE3,16,2026-05-13
MID,SM-M556B,Samsung Galaxy M55 5G,M556BXXS5CZB4,16,2026-02-15
MID,SM-M556B,Samsung Galaxy M55 5G,M556BXXS4CYL1,16,2025-12-15
MID,SM-M556B,Samsung Galaxy M55 5G,M556BXXU4CYJ4,16,2025-10-18
MID,SM-M556B,Samsung Galaxy M55 5G,M556BXXS4BYH2,15,2025-08-07
MID,SM-M556B,Samsung Galaxy M55 5G,M556BXXU4BYE7,15,2025-05-21
MID,SM-M556B,Samsung Galaxy M55 5G,M556BXXU4AYB3,14,2025-02-18
MID,SM-M556B,Samsung Galaxy M55 5G,M556BXXS4AXL1,14,2025-01-03
MID,SM-M556B,Samsung Galaxy M55 5G,M556BXXS4AXK5,14,2024-11-21
MID,SM-M556B,Samsung Galaxy M55 5G,M556BXXU3AXJA,14,2024-10-31
MID,SM-M556B,Samsung Galaxy M55 5G,M556BXXS3AXJ6,14,2024-10-14
MID,SM-M556B,Samsung Galaxy M55 5G,M556BXXS3AXH1,14,2024-08-09
MID,SM-M556B,Samsung Galaxy M55 5G,M556BXXU2AXE8,14,2024-06-03
MID,SM-M556B,Samsung Galaxy M55 5G,M556BXXU2AXE5,14,2024-05-21
MID,SM-M556B,Samsung Galaxy M55 5G,M556BXXU1AXD7,14,2024-04-23
MID,SM-M556B,Samsung Galaxy M55 5G,M556BXXU1AXC1,14,2024-03-04
MID,SM-S721B,Samsung Galaxy S24 FE,S721BXXSDDZG1,16,2026-07-06
MID,SM-S721B,Samsung Galaxy S24 FE,S721BXXSCDZF3,16,2026-06-10
MID,SM-S721B,Samsung Galaxy S24 FE,S721BXXSBDZE1,16,2026-05-08
MID,SM-S721B,Samsung Galaxy S24 FE,S721BXXUBDZDP,16,2026-04-25
MID,SM-S721B,Samsung Galaxy S24 FE,S721BXXSBCZC5,16,2026-04-01
MID,SM-S721B,Samsung Galaxy S24 FE,S721BXXSACZC1,16,2026-03-09
MID,SM-S721B,Samsung Galaxy S24 FE,S721BXXSACZB2,16,2026-02-14
MID,SM-S721B,Samsung Galaxy S24 FE,S721BXXS9CZA2,16,2026-01-07
MID,SM-S721B,Samsung Galaxy S24 FE,S721BXXS8CYL1,16,2025-12-02
MID,SM-S721B,Samsung Galaxy S24 FE,S721BXXS8CYK2,16,2025-11-11
MID,SM-S721B,Samsung Galaxy S24 FE,S721BXXS7CYJ5,16,2025-10-23
MID,SM-S721B,Samsung Galaxy S24 FE,S721BXXU7CYI5,16,2025-09-10
MID,SM-S721B,Samsung Galaxy S24 FE,S721BXXS7BYH2,15,2025-08-04
MID,SM-S721B,Samsung Galaxy S24 FE,S721BXXS6BYF6,15,2025-07-01
MID,SM-S721B,Samsung Galaxy S24 FE,S721BXXS5BYF2,15,2025-06-03
MID,SM-S721B,Samsung Galaxy S24 FE,S721BXXS4BYE1,15,2025-05-13
MID,SM-S721B,Samsung Galaxy S24 FE,S721BXXU3BYD9,15,2025-04-16
MID,SM-S721B,Samsung Galaxy S24 FE,S721BXXS3AYB5,14,2025-02-28
MID,SM-S721B,Samsung Galaxy S24 FE,S721BXXS3AYB1,14,2025-02-05
MID,SM-S721B,Samsung Galaxy S24 FE,S721BXXS3AYA1,14,2025-01-06
MID,SM-S721B,Samsung Galaxy S24 FE,S721BXXS3AXK7,14,2024-12-03
MID,SM-S721B,Samsung Galaxy S24 FE,S721BXXU3AXK5,14,2024-11-14
MID,SM-S721B,Samsung Galaxy S24 FE,S721BXXS2AXI5,14,2024-09-27
MID,SM-S721B,Samsung Galaxy S24 FE,S721BXXU1AXI3,14,2024-09-06
MID,SM-S931B,Samsung Galaxy S25 5G,S931BXXSCCZH1,16,2026-08-11
MID,SM-S931B,Samsung Galaxy S25 5G,S931BXXSBCZG3,16,2026-07-02
MID,SM-S931B,Samsung Galaxy S25 5G,S931BXXUACZF1,16,2026-06-02
MID,SM-S931B,Samsung Galaxy S25 5G,S931BXXS9CZE1,16,2026-05-09
MID,SM-S931B,Samsung Galaxy S25 5G,S931BXXU9CZDP,16,2026-04-24
MID,SM-S931B,Samsung Galaxy S25 5G,S931BXXS9BZCH,16,2026-03-28
MID,SM-S931B,Samsung Galaxy S25 5G,S931BXXS8BZC1,16,2026-03-09
MID,SM-S931B,Samsung Galaxy S25 5G,S931BXXS8BZB5,16,2026-02-15
MID,SM-S931B,Samsung Galaxy S25 5G,S931BXXS7BYLR,16,2026-01-06
MID,SM-S931B,Samsung Galaxy S25 5G,S931BXXS7BYKS,16,2025-12-01
MID,SM-S931B,Samsung Galaxy S25 5G,S931BXXS7BYK3,16,2025-11-11
MID,SM-S931B,Samsung Galaxy S25 5G,S931BXXS6BYIF,16,2025-10-01
MID,SM-S931B,Samsung Galaxy S25 5G,S931BXXU5BYI3,16,2025-09-04
MID,SM-S931B,Samsung Galaxy S25 5G,S931BXXS5AYG4,15,2025-07-27
MID,SM-S931B,Samsung Galaxy S25 5G,S931BXXS5AYF6,15,2025-07-01
MID,SM-S931B,Samsung Galaxy S25 5G,S931BXXS4AYF2,15,2025-06-04
MID,SM-S931B,Samsung Galaxy S25 5G,S931BXXS3AYDA,15,2025-04-29
MID,SM-S931B,Samsung Galaxy S25 5G,S931BXXU2AYD9,15,2025-04-09
MID,SM-S931B,Samsung Galaxy S25 5G,S931BXXS1AYC2,15,2025-03-12
MID,SM-S931B,Samsung Galaxy S25 5G,S931BXXU1AYB4,15,2025-02-08
MID,SM-S931B,Samsung Galaxy S25 5G,S931BXXU1AYA1,15,2025-01-02
MID,SM-S938B,Samsung Galaxy S25 Ultra 5G,S938BXXSCCZH1,16,2026-08-11
MID,SM-S938B,Samsung Galaxy S25 Ultra 5G,S938BXXSBCZG3,16,2026-07-02
MID,SM-S938B,Samsung Galaxy S25 Ultra 5G,S938BXXUACZF1,16,2026-06-02
MID,SM-S938B,Samsung Galaxy S25 Ultra 5G,S938BXXS9CZE1,16,2026-05-09
MID,SM-S938B,Samsung Galaxy S25 Ultra 5G,S938BXXU9CZDP,16,2026-04-24
MID,SM-S938B,Samsung Galaxy S25 Ultra 5G,S938BXXS9BZCH,16,2026-03-28
MID,SM-S938B,Samsung Galaxy S25 Ultra 5G,S938BXXS8BZC1,16,2026-03-09
MID,SM-S938B,Samsung Galaxy S25 Ultra 5G,S938BXXS8BZB5,16,2026-02-15
MID,SM-S938B,Samsung Galaxy S25 Ultra 5G,S938BXXS7BYLR,16,2026-01-06
MID,SM-S938B,Samsung Galaxy S25 Ultra 5G,S938BXXS7BYKS,16,2025-12-01
MID,SM-S938B,Samsung Galaxy S25 Ultra 5G,S938BXXS7BYK3,16,2025-11-11
MID,SM-S938B,Samsung Galaxy S25 Ultra 5G,S938BXXS6BYIF,16,2025-10-01
MID,SM-S938B,Samsung Galaxy S25 Ultra 5G,S938BXXU5BYI3,16,2025-09-04
MID,SM-S938B,Samsung Galaxy S25 Ultra 5G,S938BXXS5AYG4,15,2025-07-27
MID,SM-S938B,Samsung Galaxy S25 Ultra 5G,S938BXXS5AYF6,15,2025-07-01
MID,SM-S938B,Samsung Galaxy S25 Ultra 5G,S938BXXS4AYF2,15,2025-06-04
MID,SM-S938B,Samsung Galaxy S25 Ultra 5G,S938BXXS3AYDA,15,2025-04-29
MID,SM-S938B,Samsung Galaxy S25 Ultra 5G,S938BXXU2AYD9,15,2025-04-09
MID,SM-S938B,Samsung Galaxy S25 Ultra 5G,S938BXXS1AYC2,15,2025-03-12
MID,SM-S938B,Samsung Galaxy S25 Ultra 5G,S938BXXU1AYB4,15,2025-02-08
MID,SM-S938B,Samsung Galaxy S25 Ultra 5G,S938BXXU1AYA1,15,2025-01-02
MID,SM-S936B,Samsung Galaxy S25+ 5G,S936BXXSBCZG3,16,2026-07-02
MID,SM-S936B,Samsung Galaxy S25+ 5G,S936BXXUACZF1,16,2026-06-02
MID,SM-S936B,Samsung Galaxy S25+ 5G,S936BXXS9CZE1,16,2026-05-09
MID,SM-S936B,Samsung Galaxy S25+ 5G,S936BXXU9CZDP,16,2026-04-24
MID,SM-S936B,Samsung Galaxy S25+ 5G,S936BXXS9BZCH,16,2026-03-28
MID,SM-S936B,Samsung Galaxy S25+ 5G,S936BXXS8BZC1,16,2026-03-09
MID,SM-S936B,Samsung Galaxy S25+ 5G,S936BXXS8BZB5,16,2026-02-15
MID,SM-S936B,Samsung Galaxy S25+ 5G,S936BXXS7BYLR,16,2026-01-06
MID,SM-S936B,Samsung Galaxy S25+ 5G,S936BXXS7BYKS,16,2025-12-01
MID,SM-S936B,Samsung Galaxy S25+ 5G,S936BXXS7BYK3,16,2025-11-11
MID,SM-S936B,Samsung Galaxy S25+ 5G,S936BXXS6BYIF,16,2025-10-01
MID,SM-S936B,Samsung Galaxy S25+ 5G,S936BXXU5BYI3,16,2025-09-04
MID,SM-S936B,Samsung Galaxy S25+ 5G,S936BXXS5AYG4,15,2025-07-27
MID,SM-S936B,Samsung Galaxy S25+ 5G,S936BXXS5AYF6,15,2025-07-01
MID,SM-S936B,Samsung Galaxy S25+ 5G,S936BXXS4AYF2,15,2025-06-04
MID,SM-S936B,Samsung Galaxy S25+ 5G,S936BXXS3AYDA,15,2025-04-29
MID,SM-S936B,Samsung Galaxy S25+ 5G,S936BXXU2AYD9,15,2025-04-09
MID,SM-S936B,Samsung Galaxy S25+ 5G,S936BXXS1AYC2,15,2025-03-12
MID,SM-S936B,Samsung Galaxy S25+ 5G,S936BXXU1AYB4,15,2025-02-08
MID,SM-S936B,Samsung Galaxy S25+ 5G,S936BXXU1AYA1,15,2025-01-02
MID,SM-S942B,Samsung Galaxy S26 5G,S942BXXS4AZHA,16,2026-08-14
MID,SM-S942B,Samsung Galaxy S26 5G,S942BXXS4AZG5,16,2026-07-02
MID,SM-S942B,Samsung Galaxy S26 5G,S942BXXS3AZF1,16,2026-06-01
MID,SM-S942B,Samsung Galaxy S26 5G,S942BXXS2AZE2,16,2026-05-09
MID,SM-S942B,Samsung Galaxy S26 5G,S942BXXU2AZDE,16,2026-04-23
MID,SM-S942B,Samsung Galaxy S26 5G,S942BXXS2AZCO,16,2026-03-28
MID,SM-S942B,Samsung Galaxy S26 5G,S942BXXU1AZCF,16,2026-03-15
MID,SM-S942B,Samsung Galaxy S26 5G,S942BXXS1AZC7,16,2026-03-06
MID,SM-S942B,Samsung Galaxy S26 5G,S942BXXU1AZAQ,16,2026-02-03
MID,SM-S948B,Samsung Galaxy S26 Ultra 5G,S948BXXS4AZHL,16,2026-08-26
MID,SM-S948B,Samsung Galaxy S26 Ultra 5G,S948BXXS4AZG5,16,2026-07-02
MID,SM-S948B,Samsung Galaxy S26 Ultra 5G,S948BXXS3AZF1,16,2026-06-01
MID,SM-S948B,Samsung Galaxy S26 Ultra 5G,S948BXXS2AZE2,16,2026-05-09
MID,SM-S948B,Samsung Galaxy S26 Ultra 5G,S948BXXU2AZDE,16,2026-04-23
MID,SM-S948B,Samsung Galaxy S26 Ultra 5G,S948BXXS2AZCL,16,2026-03-26
MID,SM-S948B,Samsung Galaxy S26 Ultra 5G,S948BXXU1AZCF,16,2026-03-15
MID,SM-S948B,Samsung Galaxy S26 Ultra 5G,S948BXXS1AZC7,16,2026-03-05
MID,SM-S948B,Samsung Galaxy S26 Ultra 5G,S948BXXU1AZAB,16,2026-01-13
MID,SM-S947B,Samsung Galaxy S26+,S947BXXS4AZHA,16,2026-08-14
MID,SM-S947B,Samsung Galaxy S26+,S947BXXS4AZG5,16,2026-07-02
MID,SM-S947B,Samsung Galaxy S26+,S947BXXS3AZF1,16,2026-06-01
MID,SM-S947B,Samsung Galaxy S26+,S947BXXS2AZE2,16,2026-05-09
MID,SM-S947B,Samsung Galaxy S26+,S947BXXU2AZDE,16,2026-04-23
MID,SM-S947B,Samsung Galaxy S26+,S947BXXS2AZCO,16,2026-03-28
MID,SM-S947B,Samsung Galaxy S26+,S947BXXU1AZCF,16,2026-03-15
MID,SM-S947B,Samsung Galaxy S26+,S947BXXS1AZC7,16,2026-03-06
MID,SM-S947B,Samsung Galaxy S26+,S947BXXU1AZAQ,16,2026-02-03
MID,SM-X526B,Samsung Galaxy Tab S10 FE,X526BXXS9CZG3,16,2026-07-15
MID,SM-X526B,Samsung Galaxy Tab S10 FE,X526BXXS8CZF2,16,2026-06-19
MID,SM-X526B,Samsung Galaxy Tab S10 FE,X526BXXU7CZE3,16,2026-05-14
MID,SM-X526B,Samsung Galaxy Tab S10 FE,X526BXXS7BZB7,16,2026-02-15
MID,SM-X526B,Samsung Galaxy Tab S10 FE,X526BXXS6BZA3,16,2026-01-19
MID,SM-X526B,Samsung Galaxy Tab S10 FE,X526BXXS5BYL2,16,2025-12-08
MID,SM-X526B,Samsung Galaxy Tab S10 FE,X526BXXU4BYJ2,16,2025-10-20
MID,SM-X526B,Samsung Galaxy Tab S10 FE,X526BXXU4BYI7,16,2025-09-26
MID,SM-X526B,Samsung Galaxy Tab S10 FE,X526BXXS4AYH2,15,2025-08-12
MID,SM-X526B,Samsung Galaxy Tab S10 FE,X526BXXU3AYE5,15,2025-05-20
MID,SM-X526B,Samsung Galaxy Tab S10 FE,X526BXXS2AYD3,15,2025-04-14
MID,SM-X526B,Samsung Galaxy Tab S10 FE,X526BXXU1AYC5,15,2025-03-26
MID,SM-G766B,Samsung Galaxy XCover7 Pro,G766BXXS9CZG2,16,2026-07-03
MID,SM-G766B,Samsung Galaxy XCover7 Pro,G766BXXS8CZF2,16,2026-06-10
MID,SM-G766B,Samsung Galaxy XCover7 Pro,G766BXXU7CZE7,16,2026-05-20
MID,SM-G766B,Samsung Galaxy XCover7 Pro,G766BXXS7BZE2,16,2026-05-06
MID,SM-G766B,Samsung Galaxy XCover7 Pro,G766BXXS7BZD1,16,2026-04-03
MID,SM-G766B,Samsung Galaxy XCover7 Pro,G766BXXS6BZC1,16,2026-03-12
MID,SM-G766B,Samsung Galaxy XCover7 Pro,G766BXXS6BZB5,16,2026-02-14
MID,SM-G766B,Samsung Galaxy XCover7 Pro,G766BXXS5BZA1,16,2026-01-07
MID,SM-G766B,Samsung Galaxy XCover7 Pro,G766BXXS4BYL1,16,2025-12-02
MID,SM-G766B,Samsung Galaxy XCover7 Pro,G766BXXS4BYK2,16,2025-11-12
MID,SM-G766B,Samsung Galaxy XCover7 Pro,G766BXXS3BYJ1,16,2025-10-18
MID,SM-G766B,Samsung Galaxy XCover7 Pro,G766BXXU3BYI8,16,2025-10-01
MID,SM-G766B,Samsung Galaxy XCover7 Pro,G766BXXS3AYI1,15,2025-09-08
MID,SM-G766B,Samsung Galaxy XCover7 Pro,G766BXXS2AYH2,15,2025-08-08
MID,SM-G766B,Samsung Galaxy XCover7 Pro,G766BXXS2AYG1,15,2025-07-02
MID,SM-G766B,Samsung Galaxy XCover7 Pro,G766BXXS1AYF1,15,2025-06-05
MID,SM-G766B,Samsung Galaxy XCover7 Pro,G766BXXU1AYE7,15,2025-05-21
MID,SM-G766B,Samsung Galaxy XCover7 Pro,G766BXXU1AYD1,15,2025-04-15
MID,SM-G766B,Samsung Galaxy XCover7 Pro,G766BXXU1AYD1,15,2025-04-09
MID,SM-F741B,Samsung Galaxy Z Flip 6,F741BXXS4DZH5,16,2026-08-12
MID,SM-F741B,Samsung Galaxy Z Flip 6,F741BXXS4DZG3,16,2026-07-08
MID,SM-F741B,Samsung Galaxy Z Flip 6,F741BXXS4DZF1,16,2026-06-15
MID,SM-F741B,Samsung Galaxy Z Flip 6,F741BXXS4DZE1,16,2026-05-19
MID,SM-F741B,Samsung Galaxy Z Flip 6,F741BXXU3DZDP,16,2026-04-25
MID,SM-F741B,Samsung Galaxy Z Flip 6,F741BXXS3CZC5,16,2026-03-31
MID,SM-F741B,Samsung Galaxy Z Flip 6,F741BXXS3CZC1,16,2026-03-09
MID,SM-F741B,Samsung Galaxy Z Flip 6,F741BXXS3CZB6,16,2026-02-14
MID,SM-F741B,Samsung Galaxy Z Flip 6,F741BXXS2CYL5,16,2026-01-05
MID,SM-F741B,Samsung Galaxy Z Flip 6,F741BXXS2CYK6,16,2025-11-28
MID,SM-F741B,Samsung Galaxy Z Flip 6,F741BXXS2CYK3,16,2025-11-11
MID,SM-F741B,Samsung Galaxy Z Flip 6,F741BXXS2CYJ1,16,2025-10-28
MID,SM-F741B,Samsung Galaxy Z Flip 6,F741BXXS2CYJ1,16,2025-10-16
MID,SM-F741B,Samsung Galaxy Z Flip 6,F741BXXU2CYI6,16,2025-09-09
MID,SM-F741B,Samsung Galaxy Z Flip 6,F741BXXS2BYGB,15,2025-07-31
MID,SM-F741B,Samsung Galaxy Z Flip 6,F741BXXS2BYFC,15,2025-06-27
MID,SM-F741B,Samsung Galaxy Z Flip 6,F741BXXS2BYER,15,2025-05-28
MID,SM-F741B,Samsung Galaxy Z Flip 6,F741BXXS2BYDF,15,2025-05-09
MID,SM-F741B,Samsung Galaxy Z Flip 6,F741BXXU2BYD9,15,2025-04-15
MID,SM-F741B,Samsung Galaxy Z Flip 6,F741BXXS2AYB3,14,2025-02-25
MID,SM-F741B,Samsung Galaxy Z Flip 6,F741BXXS2AYA9,14,2025-02-04
MID,SM-F741B,Samsung Galaxy Z Flip 6,F741BXXS2AYA4,14,2025-01-13
MID,SM-F741B,Samsung Galaxy Z Flip 6,F741BXXS2AXKD,14,2024-11-28
MID,SM-F741B,Samsung Galaxy Z Flip 6,F741BXXU2AXKA,14,2024-11-12
MID,SM-F741B,Samsung Galaxy Z Flip 6,F741BXXS1AXI3,14,2024-09-30
MID,SM-F741B,Samsung Galaxy Z Flip 6,F741BXXS1AXHD,14,2024-08-29
MID,SM-F741B,Samsung Galaxy Z Flip 6,F741BXXU1AXH7,14,2024-08-17
MID,SM-F741B,Samsung Galaxy Z Flip 6,F741BXXU1AXFD,14,2024-06-20
MID,SM-F766B,Samsung Galaxy Z Flip 7,F766BXXSBBZG3,16,2026-07-03
MID,SM-F766B,Samsung Galaxy Z Flip 7,F766BXXUABZF3,16,2026-06-08
MID,SM-F766B,Samsung Galaxy Z Flip 7,F766BXXS9BZE2,16,2026-05-11
MID,SM-F766B,Samsung Galaxy Z Flip 7,F766BXXU9BZDP,16,2026-04-25
MID,SM-F766B,Samsung Galaxy Z Flip 7,F766BXXS9AZD1,16,2026-04-06
MID,SM-F766B,Samsung Galaxy Z Flip 7,F766BXXS8AZC3,16,2026-03-10
MID,SM-F766B,Samsung Galaxy Z Flip 7,F766BXXS8AZB6,16,2026-02-13
MID,SM-F766B,Samsung Galaxy Z Flip 7,F766BXXS7AZA1,16,2026-01-06
MID,SM-F766B,Samsung Galaxy Z Flip 7,F766BXXS6AYKF,16,2025-11-28
MID,SM-F766B,Samsung Galaxy Z Flip 7,F766BXXU6AYK9,16,2025-11-07
MID,SM-F766B,Samsung Galaxy Z Flip 7,F766BXXS5AYJ3,16,2025-10-16
MID,SM-F766B,Samsung Galaxy Z Flip 7,F766BXXU4AYI1,16,2025-09-02
MID,SM-F766B,Samsung Galaxy Z Flip 7,F766BXXS3AYH3,16,2025-08-12
MID,SM-F766B,Samsung Galaxy Z Flip 7,F766BXXS2AYGD,16,2025-07-28
MID,SM-F766B,Samsung Galaxy Z Flip 7,F766BXXU1AYFP,16,2025-06-24
MID,SM-F761B,Samsung Galaxy Z Flip 7 FE,F761BXXSBBZG3,16,2026-07-03
MID,SM-F761B,Samsung Galaxy Z Flip 7 FE,F761BXXSABZF3,16,2026-06-10
MID,SM-F761B,Samsung Galaxy Z Flip 7 FE,F761BXXS9BZE2,16,2026-05-11
MID,SM-F761B,Samsung Galaxy Z Flip 7 FE,F761BXXU9BZDP,16,2026-04-25
MID,SM-F761B,Samsung Galaxy Z Flip 7 FE,F761BXXS9AZC8,16,2026-03-30
MID,SM-F761B,Samsung Galaxy Z Flip 7 FE,F761BXXS8AZC2,16,2026-03-06
MID,SM-F761B,Samsung Galaxy Z Flip 7 FE,F761BXXS8AZB6,16,2026-02-13
MID,SM-F761B,Samsung Galaxy Z Flip 7 FE,F761BXXS7AZA1,16,2026-01-06
MID,SM-F761B,Samsung Galaxy Z Flip 7 FE,F761BXXS6AYKF,16,2025-11-28
MID,SM-F761B,Samsung Galaxy Z Flip 7 FE,F761BXXU6AYK9,16,2025-11-07
MID,SM-F761B,Samsung Galaxy Z Flip 7 FE,F761BXXS5AYJ3,16,2025-10-16
MID,SM-F761B,Samsung Galaxy Z Flip 7 FE,F761BXXU4AYI1,16,2025-09-02
MID,SM-F761B,Samsung Galaxy Z Flip 7 FE,F761BXXS3AYH3,16,2025-08-12
MID,SM-F761B,Samsung Galaxy Z Flip 7 FE,F761BXXS2AYG5,16,2025-07-11
MID,SM-F761B,Samsung Galaxy Z Flip 7 FE,F761BXXU1AYFK,16,2025-06-18
MID,SM-F956B,Samsung Galaxy Z Fold6,F956BXXS4DZH5,16,2026-08-12
MID,SM-F956B,Samsung Galaxy Z Fold6,F956BXXS4DZG3,16,2026-07-08
MID,SM-F956B,Samsung Galaxy Z Fold6,F956BXXS4DZF1,16,2026-06-15
MID,SM-F956B,Samsung Galaxy Z Fold6,F956BXXS4DZE1,16,2026-05-19
MID,SM-F956B,Samsung Galaxy Z Fold6,F956BXXU3DZDP,16,2026-04-25
MID,SM-F956B,Samsung Galaxy Z Fold6,F956BXXS3CZC5,16,2026-03-31
MID,SM-F956B,Samsung Galaxy Z Fold6,F956BXXS3CZC1,16,2026-03-09
MID,SM-F956B,Samsung Galaxy Z Fold6,F956BXXS3CZB6,16,2026-02-13
MID,SM-F956B,Samsung Galaxy Z Fold6,F956BXXS2CYL5,16,2026-01-05
MID,SM-F956B,Samsung Galaxy Z Fold6,F956BXXS2CYK6,16,2025-11-28
MID,SM-F956B,Samsung Galaxy Z Fold6,F956BXXS2CYK3,16,2025-11-11
MID,SM-F956B,Samsung Galaxy Z Fold6,F956BXXS2CYJ1,16,2025-10-28
MID,SM-F956B,Samsung Galaxy Z Fold6,F956BXXS2CYJ1,16,2025-10-16
MID,SM-F956B,Samsung Galaxy Z Fold6,F956BXXU2CYI7,16,2025-09-11
MID,SM-F956B,Samsung Galaxy Z Fold6,F956BXXS2BYGB,15,2025-07-31
MID,SM-F956B,Samsung Galaxy Z Fold6,F956BXXS2BYFC,15,2025-06-27
MID,SM-F956B,Samsung Galaxy Z Fold6,F956BXXS2BYER,15,2025-05-28
MID,SM-F956B,Samsung Galaxy Z Fold6,F956BXXS2BYDF,15,2025-05-09
MID,SM-F956B,Samsung Galaxy Z Fold6,F956BXXU2BYD9,15,2025-04-15
MID,SM-F956B,Samsung Galaxy Z Fold6,F956BXXS2AYB3,14,2025-02-25
MID,SM-F956B,Samsung Galaxy Z Fold6,F956BXXS2AYA9,14,2025-02-04
MID,SM-F956B,Samsung Galaxy Z Fold6,F956BXXS2AYA4,14,2025-01-13
MID,SM-F956B,Samsung Galaxy Z Fold6,F956BXXS2AXKD,14,2024-11-28
MID,SM-F956B,Samsung Galaxy Z Fold6,F956BXXU2AXKA,14,2024-11-12
MID,SM-F956B,Samsung Galaxy Z Fold6,F956BXXS1AXI3,14,2024-09-30
MID,SM-F956B,Samsung Galaxy Z Fold6,F956BXXS1AXHD,14,2024-08-29
MID,SM-F956B,Samsung Galaxy Z Fold6,F956BXXU1AXH7,14,2024-08-17
MID,SM-F956B,Samsung Galaxy Z Fold6,F956BXXU1AXFD,14,2024-06-20
MID,SM-F966B,Samsung Galaxy Z Fold7,F966BXXSBBZG3,16,2026-07-03
MID,SM-F966B,Samsung Galaxy Z Fold7,F966BXXUABZF1,16,2026-06-02
MID,SM-F966B,Samsung Galaxy Z Fold7,F966BXXS9BZE2,16,2026-05-11
MID,SM-F966B,Samsung Galaxy Z Fold7,F966BXXU9BZDP,16,2026-04-25
MID,SM-F966B,Samsung Galaxy Z Fold7,F966BXXS9AZC8,16,2026-03-30
MID,SM-F966B,Samsung Galaxy Z Fold7,F966BXXS8AZC2,16,2026-03-09
MID,SM-F966B,Samsung Galaxy Z Fold7,F966BXXS8AZB6,16,2026-02-13
MID,SM-F966B,Samsung Galaxy Z Fold7,F966BXXS7AZA1,16,2026-01-06
MID,SM-F966B,Samsung Galaxy Z Fold7,F966BXXS6AYKF,16,2025-11-28
MID,SM-F966B,Samsung Galaxy Z Fold7,F966BXXU6AYK9,16,2025-11-07
MID,SM-F966B,Samsung Galaxy Z Fold7,F966BXXS5AYJ3,16,2025-10-16
MID,SM-F966B,Samsung Galaxy Z Fold7,F966BXXU4AYI1,16,2025-09-02
MID,SM-F966B,Samsung Galaxy Z Fold7,F966BXXS3AYH1,16,2025-08-06
MID,SM-F966B,Samsung Galaxy Z Fold7,F966BXXS2AYGG,16,2025-07-29
MID,SM-F966B,Samsung Galaxy Z Fold7,F966BXXU1AYFJ,16,2025-06-17
