source_url,outcome,detail
https://naijarom.com/tecno-ad9,no_firmware_listed,"page fetched, zero firmware filenames"
https://naijarom.com/tecno-b1s,no_firmware_listed,"page fetched, zero firmware filenames"
https://naijarom.com/tecno-camon-11s-cb7,no_firmware_listed,"page fetched, zero firmware filenames"
https://naijarom.com/tecno-camon-15-air-cd6,no_firmware_listed,"page fetched, zero firmware filenames"
https://naijarom.com/tecno-camon-15-premier-cd8j,no_firmware_listed,"page fetched, zero firmware filenames"
https://naijarom.com/tecno-camon-16-ce7j,no_firmware_listed,"page fetched, zero firmware filenames"
https://naijarom.com/tecno-camon-17-cg7,no_firmware_listed,"page fetched, zero firmware filenames"
https://naijarom.com/tecno-camon-17-pro-cg8h,no_firmware_listed,"page fetched, zero firmware filenames"
https://naijarom.com/tecno-camon-18-ch6,no_firmware_listed,"page fetched, zero firmware filenames"
https://naijarom.com/tecno-camon-18-ch6h,no_firmware_listed,"page fetched, zero firmware filenames"
https://naijarom.com/tecno-camon-18-ch6n,no_firmware_listed,"page fetched, zero firmware filenames"
https://naijarom.com/tecno-camon-18-ch9n,no_firmware_listed,"page fetched, zero firmware filenames"
https://naijarom.com/tecno-camon-18i-cg6,no_firmware_listed,"page fetched, zero firmware filenames"
https://naijarom.com/tecno-camon-18p-ch7,no_firmware_listed,"page fetched, zero firmware filenames"
https://naijarom.com/tecno-camon-19-ch6is,no_firmware_listed,"page fetched, zero firmware filenames"
https://naijarom.com/tecno-camon-19-neo-ch6is,no_firmware_listed,"page fetched, zero firmware filenames"
https://naijarom.com/tecno-camon-19-pro-ci8,no_firmware_listed,"page fetched, zero firmware filenames"
https://naijarom.com/tecno-camon-19-pro-ci8n,no_firmware_listed,"page fetched, zero firmware filenames"
https://naijarom.com/tecno-camon-20-ck6,no_firmware_listed,"page fetched, zero firmware filenames"
https://naijarom.com/tecno-camon-20-ck6ns,no_firmware_listed,"page fetched, zero firmware filenames"
https://naijarom.com/tecno-camon-20-premier-5g-ck9n,no_firmware_listed,"page fetched, zero firmware filenames"
https://naijarom.com/tecno-camon-20-premier-ck9n,no_firmware_listed,"page fetched, zero firmware filenames"
https://naijarom.com/tecno-camon-20-pro-5g-ck8nb,no_firmware_listed,"page fetched, zero firmware filenames"
https://naijarom.com/tecno-camon-20-pro-ck7n,no_firmware_listed,"page fetched, zero firmware filenames"
https://naijarom.com/tecno-camon-20s-pro-5g-ck8nb,no_firmware_listed,"page fetched, zero firmware filenames"
https://naijarom.com/tecno-camon-30-5g-cl7s,no_firmware_listed,"page fetched, zero firmware filenames"
https://naijarom.com/tecno-camon-30-cl6s,no_firmware_listed,"page fetched, zero firmware filenames"
https://naijarom.com/tecno-camon-cx-air,no_firmware_listed,"page fetched, zero firmware filenames"
https://naijarom.com/tecno-camon-i4-cb7,no_firmware_listed,"page fetched, zero firmware filenames"
https://naijarom.com/tecno-camon-in5,no_firmware_listed,"page fetched, zero firmware filenames"
https://naijarom.com/tecno-camon-isky-3-kb3,no_firmware_listed,"page fetched, zero firmware filenames"
https://naijarom.com/tecno-camon-x-ca7,no_firmware_listed,"page fetched, zero firmware filenames"
https://naijarom.com/tecno-camon-x-pro-ca8,no_firmware_listed,"page fetched, zero firmware filenames"
https://naijarom.com/tecno-ci8n,no_firmware_listed,"page fetched, zero firmware filenames"
https://naijarom.com/tecno-f3,no_firmware_listed,"page fetched, zero firmware filenames"
https://naijarom.com/tecno-i3-pro,no_firmware_listed,"page fetched, zero firmware filenames"
https://naijarom.com/tecno-i7,no_firmware_listed,"page fetched, zero firmware filenames"
https://naijarom.com/tecno-in2,no_firmware_listed,"page fetched, zero firmware filenames"
https://naijarom.com/tecno-k7,no_firmware_listed,"page fetched, zero firmware filenames"
https://naijarom.com/tecno-ke5k,no_firmware_listed,"page fetched, zero firmware filenames"
https://naijarom.com/tecno-kg5,no_firmware_listed,"page fetched, zero firmware filenames"
https://naijarom.com/tecno-kg5h,no_firmware_listed,"page fetched, zero firmware filenames"
https://naijarom.com/tecno-kh6,no_firmware_listed,"page fetched, zero firmware filenames"
https://naijarom.com/tecno-kh7,no_firmware_listed,"page fetched, zero firmware filenames"
https://naijarom.com/tecno-kh7n,no_firmware_listed,"page fetched, zero firmware filenames"
https://naijarom.com/tecno-ki8,no_firmware_listed,"page fetched, zero firmware filenames"
https://naijarom.com/tecno-ld7j,no_firmware_listed,"page fetched, zero firmware filenames"
https://naijarom.com/tecno-le8,no_firmware_listed,"page fetched, zero firmware filenames"
https://naijarom.com/tecno-lg8n,no_firmware_listed,"page fetched, zero firmware filenames"
https://naijarom.com/tecno-megapad-10-t1001,no_firmware_listed,"page fetched, zero firmware filenames"
https://naijarom.com/tecno-megapad-11-t1101,no_firmware_listed,"page fetched, zero firmware filenames"
https://naijarom.com/tecno-megapad-pro-t1201,no_firmware_listed,"page fetched, zero firmware filenames"
https://naijarom.com/tecno-megapad-se-tablet-t1102,no_firmware_listed,"page fetched, zero firmware filenames"
https://naijarom.com/tecno-nx-r8o,no_firmware_listed,"page fetched, zero firmware filenames"
https://naijarom.com/tecno-p904,no_firmware_listed,"page fetched, zero firmware filenames"
https://naijarom.com/tecno-phantom-x2-5g-ad8,no_firmware_listed,"page fetched, zero firmware filenames"
https://naijarom.com/tecno-phantom-x2-ad8,no_firmware_listed,"page fetched, zero firmware filenames"
https://naijarom.com/tecno-phantom-x-ac8,no_firmware_listed,"page fetched, zero firmware filenames"
https://naijarom.com/tecno-pop-2f-b1f,no_firmware_listed,"page fetched, zero firmware filenames"
https://naijarom.com/tecno-pop-2-power-b1p,no_firmware_listed,"page fetched, zero firmware filenames"
https://naijarom.com/tecno-pop-2s-kb2h,no_firmware_listed,"page fetched, zero firmware filenames"
https://naijarom.com/tecno-pop-4,no_firmware_listed,"page fetched, zero firmware filenames"
https://naijarom.com/tecno-pop-4-air-bc1,no_firmware_listed,"page fetched, zero firmware filenames"
https://naijarom.com/tecno-pop-4-pro-bc3,no_firmware_listed,"page fetched, zero firmware filenames"
https://naijarom.com/tecno-pop-5-go-bd1,no_firmware_listed,"page fetched, zero firmware filenames"
https://naijarom.com/tecno-pop-5p-bd3,no_firmware_listed,"page fetched, zero firmware filenames"
https://naijarom.com/tecno-pop-5-pro-bd4h,no_firmware_listed,"page fetched, zero firmware filenames"
https://naijarom.com/tecno-pop-5s-a571ls,no_firmware_listed,"page fetched, zero firmware filenames"
https://naijarom.com/tecno-pop-6-be7,no_firmware_listed,"page fetched, zero firmware filenames"
https://naijarom.com/tecno-pop-6-go-be6,no_firmware_listed,"page fetched, zero firmware filenames"
https://naijarom.com/tecno-pop-6-pro-be8i,no_firmware_listed,"page fetched, zero firmware filenames"
https://naijarom.com/tecno-pop-7-pro-bf7,no_firmware_listed,"page fetched, zero firmware filenames"
https://naijarom.com/tecno-pop-7-pro-bf7h,no_firmware_listed,"page fetched, zero firmware filenames"
https://naijarom.com/tecno-pop-7-pro-bf7s,no_firmware_listed,"page fetched, zero firmware filenames"
https://naijarom.com/tecno-pop-8-bg6,no_firmware_listed,"page fetched, zero firmware filenames"
https://naijarom.com/tecno-pop-9-4g-kl4h,no_firmware_listed,"page fetched, zero firmware filenames"
https://naijarom.com/tecno-pop-9-5g-kl8h,no_firmware_listed,"page fetched, zero firmware filenames"
https://naijarom.com/tecno-pop-9-kl4,no_firmware_listed,"page fetched, zero firmware filenames"
https://naijarom.com/tecno-pouvoir-4-lc7,no_firmware_listed,"page fetched, zero firmware filenames"
https://naijarom.com/tecno-pouvoir-4-pro-lc8,no_firmware_listed,"page fetched, zero firmware filenames"
https://naijarom.com/tecno-pova-3-lf7,no_firmware_listed,"page fetched, zero firmware filenames"
https://naijarom.com/tecno-pova-3-lf7n,no_firmware_listed,"page fetched, zero firmware filenames"
https://naijarom.com/tecno-pova-4-lg7n,no_firmware_listed,"page fetched, zero firmware filenames"
https://naijarom.com/tecno-pova-4-pro-lg8n,no_firmware_listed,"page fetched, zero firmware filenames"
https://naijarom.com/tecno-pova-5g-le8,no_firmware_listed,"page fetched, zero firmware filenames"
https://naijarom.com/tecno-pova-5-lh7n,no_firmware_listed,"page fetched, zero firmware filenames"
https://naijarom.com/tecno-pova-6-neo-5g-kl8,no_firmware_listed,"page fetched, zero firmware filenames"
https://naijarom.com/tecno-pova-ld7j,no_firmware_listed,"page fetched, zero firmware filenames"
https://naijarom.com/tecno-pova-neo-2-lg6n,no_firmware_listed,"page fetched, zero firmware filenames"
https://naijarom.com/tecno-pova-neo-3-lh6n,no_firmware_listed,"page fetched, zero firmware filenames"
https://naijarom.com/tecno-pova-neo-5g-le6j,no_firmware_listed,"page fetched, zero firmware filenames"
https://naijarom.com/tecno-pova-neo-le6,no_firmware_listed,"page fetched, zero firmware filenames"
https://naijarom.com/tecno-pova-neo-le6h,no_firmware_listed,"page fetched, zero firmware filenames"
https://naijarom.com/tecno-r8s,no_firmware_listed,"page fetched, zero firmware filenames"
https://naijarom.com/tecno-s1s,no_firmware_listed,"page fetched, zero firmware filenames"
https://naijarom.com/tecno-smart-6-hd-x6512,no_firmware_listed,"page fetched, zero firmware filenames"
https://naijarom.com/tecno-spark-10-5g-ki8,no_firmware_listed,"page fetched, zero firmware filenames"
https://naijarom.com/tecno-spark-10-ki5n,no_firmware_listed,"page fetched, zero firmware filenames"
https://naijarom.com/tecno-spark-10-ki5q,no_firmware_listed,"page fetched, zero firmware filenames"
https://naijarom.com/tecno-spark-10-ki5qs,no_firmware_listed,"page fetched, zero firmware filenames"
https://naijarom.com/tecno-spark-10-ki8,no_firmware_listed,"page fetched, zero firmware filenames"
https://naijarom.com/tecno-spark-10-pro-ki7s,no_firmware_listed,"page fetched, zero firmware filenames"
https://naijarom.com/tecno-spark-20c-bg7,no_firmware_listed,"page fetched, zero firmware filenames"
https://naijarom.com/tecno-spark-20c-bg7n,no_firmware_listed,"page fetched, zero firmware filenames"
https://naijarom.com/tecno-spark-20-pro-kj8,no_firmware_listed,"page fetched, zero firmware filenames"
https://naijarom.com/tecno-spark-20-pro-plus,no_firmware_listed,"page fetched, zero firmware filenames"
https://naijarom.com/tecno-spark-20-pro-plus-kj7s,no_firmware_listed,"page fetched, zero firmware filenames"
https://naijarom.com/tecno-spark-30-5g-kl8,no_firmware_listed,"page fetched, zero firmware filenames"
https://naijarom.com/tecno-spark-30c-5g-kl8h,no_firmware_listed,"page fetched, zero firmware filenames"
https://naijarom.com/tecno-spark-30c-kl5,no_firmware_listed,"page fetched, zero firmware filenames"
https://naijarom.com/tecno-spark-30c-kl5n,no_firmware_listed,"page fetched, zero firmware filenames"
https://naijarom.com/tecno-spark-30c-kl5s,no_firmware_listed,"page fetched, zero firmware filenames"
https://naijarom.com/tecno-spark-30-kl6,no_firmware_listed,"page fetched, zero firmware filenames"
https://naijarom.com/tecno-spark-30-pro-kl7,no_firmware_listed,"page fetched, zero firmware filenames"
https://naijarom.com/tecno-spark-3-kb7j,no_firmware_listed,"page fetched, zero firmware filenames"
https://naijarom.com/tecno-spark-4-kc2,no_firmware_listed,"page fetched, zero firmware filenames"
https://naijarom.com/tecno-spark-5-air-kd6a,no_firmware_listed,"page fetched, zero firmware filenames"
https://naijarom.com/tecno-spark-5-kg5,no_firmware_listed,"page fetched, zero firmware filenames"
https://naijarom.com/tecno-spark-5-pro-kd7,no_firmware_listed,"page fetched, zero firmware filenames"
https://naijarom.com/tecno-spark-6-air-be6j,no_firmware_listed,"page fetched, zero firmware filenames"
https://naijarom.com/tecno-spark-6-air-ke6j,no_firmware_listed,"page fetched, zero firmware filenames"
https://naijarom.com/tecno-spark-6-go-ke5j,no_firmware_listed,"page fetched, zero firmware filenames"
https://naijarom.com/tecno-spark-6-ke7,no_firmware_listed,"page fetched, zero firmware filenames"
https://naijarom.com/tecno-spark-7-kf6,no_firmware_listed,"page fetched, zero firmware filenames"
https://naijarom.com/tecno-spark-7-kf6ks,no_firmware_listed,"page fetched, zero firmware filenames"
https://naijarom.com/tecno-spark-7-pr651,no_firmware_listed,"page fetched, zero firmware filenames"
https://naijarom.com/tecno-spark-7-pr651h,no_firmware_listed,"page fetched, zero firmware filenames"
https://naijarom.com/tecno-spark-8c-kg5k,no_firmware_listed,"page fetched, zero firmware filenames"
https://naijarom.com/tecno-spark-8c-kg5ks,no_firmware_listed,"page fetched, zero firmware filenames"
https://naijarom.com/tecno-spark-8c-kg5n,no_firmware_listed,"page fetched, zero firmware filenames"
https://naijarom.com/tecno-spark-8c-kg5q,no_firmware_listed,"page fetched, zero firmware filenames"
https://naijarom.com/tecno-spark-8-kg5k,no_firmware_listed,"page fetched, zero firmware filenames"
https://naijarom.com/tecno-spark-8-kg6k,no_firmware_listed,"page fetched, zero firmware filenames"
https://naijarom.com/tecno-spark-8-kg8,no_firmware_listed,"page fetched, zero firmware filenames"
https://naijarom.com/tecno-spark-8p-kg7,no_firmware_listed,"page fetched, zero firmware filenames"
https://naijarom.com/tecno-spark-8p-kg7h,no_firmware_listed,"page fetched, zero firmware filenames"
https://naijarom.com/tecno-spark-8p-kg7n,no_firmware_listed,"page fetched, zero firmware filenames"
https://naijarom.com/tecno-spark-8-pro-kg8,no_firmware_listed,"page fetched, zero firmware filenames"
https://naijarom.com/tecno-spark-8t-kg6p,no_firmware_listed,"page fetched, zero firmware filenames"
https://naijarom.com/tecno-spark-9-kg5p,no_firmware_listed,"page fetched, zero firmware filenames"
https://naijarom.com/tecno-spark-9-pro-kh7s,no_firmware_listed,"page fetched, zero firmware filenames"
https://naijarom.com/tecno-spark-9t-kh6,no_firmware_listed,"page fetched, zero firmware filenames"
https://naijarom.com/tecno-spark-cm-ka9,no_firmware_listed,"page fetched, zero firmware filenames"
https://naijarom.com/tecno-spark-go-1-kl4,no_firmware_listed,"page fetched, zero firmware filenames"
https://naijarom.com/tecno-spark-go-1s-kl4h,no_firmware_listed,"page fetched, zero firmware filenames"
https://naijarom.com/tecno-spark-go-2022-kg5,no_firmware_listed,"page fetched, zero firmware filenames"
https://naijarom.com/tecno-spark-go-2022-kg5h,no_firmware_listed,"page fetched, zero firmware filenames"
https://naijarom.com/tecno-spark-go-2022-kg5m,no_firmware_listed,"page fetched, zero firmware filenames"
https://naijarom.com/tecno-spark-go-2023-bf7n,no_firmware_listed,"page fetched, zero firmware filenames"
https://naijarom.com/tecno-spark-go-2024-bg6,no_firmware_listed,"page fetched, zero firmware filenames"
https://naijarom.com/tecno-spark-go-2024-bg6m,no_firmware_listed,"page fetched, zero firmware filenames"
https://naijarom.com/tecno-spark-go-2024-bg6s,no_firmware_listed,"page fetched, zero firmware filenames"
https://naijarom.com/tecno-spark-go-kl4,no_firmware_listed,"page fetched, zero firmware filenames"
https://naijarom.com/tecno-spark-go-plus-bb4k,no_firmware_listed,"page fetched, zero firmware filenames"
https://naijarom.com/tecno-spark-k7,no_firmware_listed,"page fetched, zero firmware filenames"
https://naijarom.com/tecno-spark-power-2-lc8,no_firmware_listed,"page fetched, zero firmware filenames"
https://naijarom.com/tecno-tab-4g-p704a,no_firmware_listed,"page fetched, zero firmware filenames"
https://naijarom.com/tecno-w1,no_firmware_listed,"page fetched, zero firmware filenames"
https://naijarom.com/tecno-wx3-pro,no_firmware_listed,"page fetched, zero firmware filenames"
