device,model,csc,version,pda_month,fetched_at,kind,cp
Samsung Galaxy A01,SM-A015F,XSG,A015FXXS6CWG1,2023-07-01,2026-09-13T09:16:43Z,latest,A015FXXS6CWG1
Samsung Galaxy A01,SM-A015F,XSG,A015FXXS5CWB2,2023-02-01,2026-09-13T09:16:43Z,upgrade,A015FXXS5CWB2
Samsung Galaxy A01,SM-A015F,XSG,A015FXXU4BUD8,2021-04-01,2026-09-13T09:16:43Z,upgrade,A015FXXU4BUD8
Samsung Galaxy A01,SM-A015F,XSG,A015FXXU4BUH1,2021-08-01,2026-09-13T09:16:43Z,upgrade,A015FXXU4BUG1
Samsung Galaxy A01,SM-A015F,XSG,A015FXXU5BUJ1,2021-10-01,2026-09-13T09:16:43Z,upgrade,A015FXXU5BUJ1
Samsung Galaxy A01,SM-A015F,XSG,A015FXXU5BVG2,2022-07-01,2026-09-13T09:16:43Z,upgrade,A015FXXU5BUJ1
Samsung Galaxy A01,SM-A015F,XSG,A015FXXS5BUL1,2021-12-01,2026-09-13T09:16:43Z,upgrade,A015FXXU5BUJ1
Samsung Galaxy A01,SM-A015F,XSG,A015FXXS5BVC1,2022-03-01,2026-09-13T09:16:43Z,upgrade,A015FXXU5BUJ1
Samsung Galaxy A01,SM-A015F,XSG,A015FXXU5CVK5,2022-11-01,2026-09-13T09:16:43Z,upgrade,A015FXXU5CVI3
Samsung Galaxy A01,SM-A015F,XFA,A015FXXS6CWG1,2023-07-01,2026-09-13T09:16:43Z,latest,A015FXXS6CWG1
Samsung Galaxy A01,SM-A015F,XFA,A015FXXS5CWB2,2023-02-01,2026-09-13T09:16:43Z,upgrade,A015FXXS5CWB2
Samsung Galaxy A01,SM-A015F,XFA,A015FXXU4BUH1,2021-08-01,2026-09-13T09:16:43Z,upgrade,A015FXXU4BUG1
Samsung Galaxy A01,SM-A015F,XFA,A015FXXU5BUJ1,2021-10-01,2026-09-13T09:16:43Z,upgrade,A015FXXU5BUJ1
Samsung Galaxy A01,SM-A015F,XFA,A015FXXU4BUD8,2021-04-01,2026-09-13T09:16:43Z,upgrade,A015FXXU4BUD8
Samsung Galaxy A01,SM-A015F,XFA,A015FXXU5BVG2,2022-07-01,2026-09-13T09:16:43Z,upgrade,A015FXXU5BUJ1
Samsung Galaxy A01,SM-A015F,XFA,A015FXXS5BUL1,2021-12-01,2026-09-13T09:16:43Z,upgrade,A015FXXU5BUJ1
Samsung Galaxy A01,SM-A015F,XFA,A015FXXS5BVC1,2022-03-01,2026-09-13T09:16:43Z,upgrade,A015FXXU5BUJ1
Samsung Galaxy A01,SM-A015F,XFA,A015FXXU5CVK5,2022-11-01,2026-09-13T09:16:43Z,upgrade,A015FXXU5CVI3
Samsung Galaxy A01,SM-A015F,EGY,A015FXXS6CWG1,2023-07-01,2026-09-13T09:16:43Z,latest,A015FXXS6CWG1
Samsung Galaxy A01,SM-A015F,EGY,A015FXXS5CWB2,2023-02-01,2026-09-13T09:16:43Z,upgrade,A015FXXS5CWB2
Samsung Galaxy A01,SM-A015F,EGY,A015FXXU4BUD8,2021-04-01,2026-09-13T09:16:43Z,upgrade,A015FXXU4BUD8
Samsung Galaxy A01,SM-A015F,EGY,A015FXXU4BUH1,2021-08-01,2026-09-13T09:16:43Z,upgrade,A015FXXU4BUG1
Samsung Galaxy A01,SM-A015F,EGY,A015FXXU5BUJ1,2021-10-01,2026-09-13T09:16:43Z,upgrade,A015FXXU5BUJ1
Samsung Galaxy A01,SM-A015F,EGY,A015FXXU5BVG2,2022-07-01,2026-09-13T09:16:43Z,upgrade,A015FXXU5BUJ1
Samsung Galaxy A01,SM-A015F,EGY,A015FXXS5BUL1,2021-12-01,2026-09-13T09:16:43Z,upgrade,A015FXXU5BUJ1
Samsung Galaxy A01,SM-A015F,EGY,A015FXXS5BVC1,2022-03-01,2026-09-13T09:16:43Z,upgrade,A015FXXU5BUJ1
Samsung Galaxy A01,SM-A015F,EGY,A015FXXU5CVK5,2022-11-01,2026-09-13T09:16:43Z,upgrade,A015FXXU5CVI3
Samsung Galaxy A01,SM-A015F,MID,A015FXXS6CWG1,2023-07-01,2026-09-13T09:16:43Z,latest,A015FXXS6CWG1
Samsung Galaxy A01,SM-A015F,MID,A015FXXS5CWB2,2023-02-01,2026-09-13T09:16:43Z,upgrade,A015FXXS5CWB2
Samsung Galaxy A01,SM-A015F,MID,A015FXXU4BUD8,2021-04-01,2026-09-13T09:16:43Z,upgrade,A015FXXU4BUD8
Samsung Galaxy A01,SM-A015F,MID,A015FXXU4BUH1,2021-08-01,2026-09-13T09:16:43Z,upgrade,A015FXXU4BUG1
Samsung Galaxy A01,SM-A015F,MID,A015FXXU5BUJ1,2021-10-01,2026-09-13T09:16:43Z,upgrade,A015FXXU5BUJ1
Samsung Galaxy A01,SM-A015F,MID,A015FXXU5BVG2,2022-07-01,2026-09-13T09:16:43Z,upgrade,A015FXXU5BUJ1
Samsung Galaxy A01,SM-A015F,MID,A015FXXS5BUL1,2021-12-01,2026-09-13T09:16:43Z,upgrade,A015FXXU5BUJ1
Samsung Galaxy A01,SM-A015F,MID,A015FXXS5BVC1,2022-03-01,2026-09-13T09:16:43Z,upgrade,A015FXXU5BUJ1
Samsung Galaxy A01,SM-A015F,MID,A015FXXU5CVK5,2022-11-01,2026-09-13T09:16:43Z,upgrade,A015FXXU5CVI3
Samsung Galaxy A01,SM-A015F,THL,A015FXXS6CWG1,2023-07-01,2026-09-13T09:16:43Z,latest,A015FXXS6CWG1
Samsung Galaxy A01,SM-A015F,THL,A015FXXU4BUD8,2021-04-01,2026-09-13T09:16:43Z,upgrade,A015FXXU4BUD8
Samsung Galaxy A01,SM-A015F,THL,A015FXXS5BVC1,2022-03-01,2026-09-13T09:16:43Z,upgrade,A015FXXU5BUJ1
Samsung Galaxy A01,SM-A015F,THL,A015FXXU5BUJ1,2021-10-01,2026-09-13T09:16:43Z,upgrade,A015FXXU5BUJ1
Samsung Galaxy A01,SM-A015F,THL,A015FXXS5CWB2,2023-02-01,2026-09-13T09:16:43Z,upgrade,A015FXXS5CWB2
Samsung Galaxy A01,SM-A015F,THL,A015FXXU5CVK5,2022-11-01,2026-09-13T09:16:43Z,upgrade,A015FXXU5CVI3
Samsung Galaxy A01,SM-A015F,THL,A015FXXS5BUL1,2021-12-01,2026-09-13T09:16:43Z,upgrade,A015FXXU5BUJ1
Samsung Galaxy A01,SM-A015F,THL,A015FXXU4BUG4,2021-07-01,2026-09-13T09:16:43Z,upgrade,A015FXXU4BUG1
Samsung Galaxy A01,SM-A015F,THL,A015FXXU5BVG2,2022-07-01,2026-09-13T09:16:43Z,upgrade,A015FXXU5BUJ1
Samsung Galaxy A01,SM-A015F,XME,A015FXXS6CWG1,2023-07-01,2026-09-13T09:16:43Z,latest,A015FXXS6CWG1
Samsung Galaxy A01,SM-A015F,XME,A015FXXU4BUD8,2021-04-01,2026-09-13T09:16:43Z,upgrade,A015FXXU4BUD8
Samsung Galaxy A01,SM-A015F,XME,A015FXXS5BVC1,2022-03-01,2026-09-13T09:16:43Z,upgrade,A015FXXU5BUJ1
Samsung Galaxy A01,SM-A015F,XME,A015FXXU5BUJ1,2021-10-01,2026-09-13T09:16:43Z,upgrade,A015FXXU5BUJ1
Samsung Galaxy A01,SM-A015F,XME,A015FXXS5CWB2,2023-02-01,2026-09-13T09:16:43Z,upgrade,A015FXXS5CWB2
Samsung Galaxy A01,SM-A015F,XME,A015FXXU5CVK5,2022-11-01,2026-09-13T09:16:43Z,upgrade,A015FXXU5CVI3
Samsung Galaxy A01,SM-A015F,XME,A015FXXS5BUL1,2021-12-01,2026-09-13T09:16:43Z,upgrade,A015FXXU5BUJ1
Samsung Galaxy A01,SM-A015F,XME,A015FXXU4BUG4,2021-07-01,2026-09-13T09:16:43Z,upgrade,A015FXXU4BUG1
Samsung Galaxy A01,SM-A015F,XME,A015FXXU5BVG2,2022-07-01,2026-09-13T09:16:43Z,upgrade,A015FXXU5BUJ1
Samsung Galaxy A01,SM-A015F,SEK,A015FXXS6CWG1,2023-07-01,2026-09-13T09:16:43Z,latest,A015FXXS6CWG1
Samsung Galaxy A01,SM-A015F,SEK,A015FXXU4BUD8,2021-04-01,2026-09-13T09:16:43Z,upgrade,A015FXXU4BUD8
Samsung Galaxy A01,SM-A015F,SEK,A015FXXS5BVC1,2022-03-01,2026-09-13T09:16:43Z,upgrade,A015FXXU5BUJ1
Samsung Galaxy A01,SM-A015F,SEK,A015FXXU4BUG4,2021-07-01,2026-09-13T09:16:43Z,upgrade,A015FXXU4BUG1
Samsung Galaxy A01,SM-A015F,SEK,A015FXXU5BVG2,2022-07-01,2026-09-13T09:16:43Z,upgrade,A015FXXU5BUJ1
Samsung Galaxy A01,SM-A015F,SEK,A015FXXS5BUL1,2021-12-01,2026-09-13T09:16:43Z,upgrade,A015FXXU5BUJ1
Samsung Galaxy A01,SM-A015F,SEK,A015FXXU5BUJ1,2021-10-01,2026-09-13T09:16:43Z,upgrade,A015FXXU5BUJ1
Samsung Galaxy A01,SM-A015F,SEK,A015FXXS5CWB2,2023-02-01,2026-09-13T09:16:43Z,upgrade,A015FXXS5CWB2
Samsung Galaxy A01,SM-A015F,SEK,A015FXXU5CVK5,2022-11-01,2026-09-13T09:16:43Z,upgrade,A015FXXU5CVI3
Samsung Galaxy A02s,SM-A025F,XSG,A025FXXS8CYC3,2025-03-01,2026-09-13T09:16:43Z,latest,A025FXXS8CYC3
Samsung Galaxy A02s,SM-A025F,XSG,A025FXXS7CXC1,2024-03-01,2026-09-13T09:16:43Z,upgrade,A025FXXS7CWJ1
Samsung Galaxy A02s,SM-A025F,XSG,A025FXXU4CVF4,2022-06-01,2026-09-13T09:16:43Z,upgrade,A025FXXU4CVF4
Samsung Galaxy A02s,SM-A025F,XSG,A025FXXU2BUDC,2021-04-01,2026-09-13T09:16:43Z,upgrade,A025FXXU2BUDC
Samsung Galaxy A02s,SM-A025F,XSG,A025FXXS4BVC2,2022-03-01,2026-09-13T09:16:43Z,upgrade,A025FXXS4BVC2
Samsung Galaxy A02s,SM-A025F,XSG,A025FXXS8CXH1,2024-08-01,2026-09-13T09:16:43Z,upgrade,A025FXXS8CXH1
Samsung Galaxy A02s,SM-A025F,XSG,A025FXXU4CVJ1,2022-10-01,2026-09-13T09:16:43Z,upgrade,A025FXXU4CVF4
Samsung Galaxy A02s,SM-A025F,XSG,A025FXXS7CWJ3,2023-10-01,2026-09-13T09:16:43Z,upgrade,A025FXXS7CWJ1
Samsung Galaxy A02s,SM-A025F,XSG,A025FXXU3BUH1,2021-08-01,2026-09-13T09:16:43Z,upgrade,A025FXXU3BUH1
Samsung Galaxy A02s,SM-A025F,XSG,A025FXXU6CWE2,2023-05-01,2026-09-13T09:16:43Z,upgrade,A025FXXU6CWC1
Samsung Galaxy A02s,SM-A025F,XSG,A025FXXS5CVK1,2022-11-01,2026-09-13T09:16:43Z,upgrade,A025FXXS5CVK1
Samsung Galaxy A02s,SM-A025F,XSG,A025FXXU3BUJ7,2021-10-01,2026-09-13T09:16:43Z,upgrade,A025FXXU3BUJ7
Samsung Galaxy A02s,SM-A025F,XSG,A025FXXU2BUE2,2021-05-01,2026-09-13T09:16:43Z,upgrade,A025FXXU2BUDC
Samsung Galaxy A02s,SM-A025F,XSG,A025FXXS2BUF1,2021-06-01,2026-09-13T09:16:43Z,upgrade,A025FXXS2BUF1
Samsung Galaxy A02s,SM-A025F,XFA,A025FXXS8CYC3,2025-03-01,2026-09-13T09:16:43Z,latest,A025FXXS8CYC3
Samsung Galaxy A02s,SM-A025F,XFA,A025FXXS8CXH1,2024-08-01,2026-09-13T09:16:43Z,upgrade,A025FXXS8CXH1
Samsung Galaxy A02s,SM-A025F,XFA,A025FXXU4CVJ1,2022-10-01,2026-09-13T09:16:43Z,upgrade,A025FXXU4CVF4
Samsung Galaxy A02s,SM-A025F,XFA,A025FXXS7CXC1,2024-03-01,2026-09-13T09:16:43Z,upgrade,A025FXXS7CWJ1
Samsung Galaxy A02s,SM-A025F,XFA,A025FXXS7CWJ3,2023-10-01,2026-09-13T09:16:43Z,upgrade,A025FXXS7CWJ1
Samsung Galaxy A02s,SM-A025F,XFA,A025FXXU3BUH1,2021-08-01,2026-09-13T09:16:43Z,upgrade,A025FXXU3BUH1
Samsung Galaxy A02s,SM-A025F,XFA,A025FXXU6CWE2,2023-05-01,2026-09-13T09:16:43Z,upgrade,A025FXXU6CWC1
Samsung Galaxy A02s,SM-A025F,XFA,A025FXXU4CVF4,2022-06-01,2026-09-13T09:16:43Z,upgrade,A025FXXU4CVF4
Samsung Galaxy A02s,SM-A025F,XFA,A025FXXS5CVK1,2022-11-01,2026-09-13T09:16:43Z,upgrade,A025FXXS5CVK1
Samsung Galaxy A02s,SM-A025F,XFA,A025FXXU3BUJ7,2021-10-01,2026-09-13T09:16:43Z,upgrade,A025FXXU3BUJ7
Samsung Galaxy A02s,SM-A025F,XFA,A025FXXS4BVC2,2022-03-01,2026-09-13T09:16:43Z,upgrade,A025FXXS4BVC2
Samsung Galaxy A02s,SM-A025F,XFA,A025FXXU2BUE2,2021-05-01,2026-09-13T09:16:43Z,upgrade,A025FXXU2BUDC
Samsung Galaxy A02s,SM-A025F,XFA,A025FXXS2BUF1,2021-06-01,2026-09-13T09:16:43Z,upgrade,A025FXXS2BUF1
Samsung Galaxy A02s,SM-A025F,EGY,A025FXXS8CYC3,2025-03-01,2026-09-13T09:16:43Z,latest,A025FXXS8CYC3
Samsung Galaxy A02s,SM-A025F,EGY,A025FXXS8CXH1,2024-08-01,2026-09-13T09:16:43Z,upgrade,A025FXXS8CXH1
Samsung Galaxy A02s,SM-A025F,EGY,A025FXXU4CVJ1,2022-10-01,2026-09-13T09:16:43Z,upgrade,A025FXXU4CVF4
Samsung Galaxy A02s,SM-A025F,EGY,A025FXXS7CXC1,2024-03-01,2026-09-13T09:16:43Z,upgrade,A025FXXS7CWJ1
Samsung Galaxy A02s,SM-A025F,EGY,A025FXXS7CWJ3,2023-10-01,2026-09-13T09:16:43Z,upgrade,A025FXXS7CWJ1
Samsung Galaxy A02s,SM-A025F,EGY,A025FXXU3BUH1,2021-08-01,2026-09-13T09:16:43Z,upgrade,A025FXXU3BUH1
Samsung Galaxy A02s,SM-A025F,EGY,A025FXXU6CWE2,2023-05-01,2026-09-13T09:16:43Z,upgrade,A025FXXU6CWC1
Samsung Galaxy A02s,SM-A025F,EGY,A025FXXU4CVF4,2022-06-01,2026-09-13T09:16:43Z,upgrade,A025FXXU4CVF4
Samsung Galaxy A02s,SM-A025F,EGY,A025FXXS5CVK1,2022-11-01,2026-09-13T09:16:43Z,upgrade,A025FXXS5CVK1
Samsung Galaxy A02s,SM-A025F,EGY,A025FXXU3BUJ7,2021-10-01,2026-09-13T09:16:43Z,upgrade,A025FXXU3BUJ7
Samsung Galaxy A02s,SM-A025F,EGY,A025FXXS4BVC2,2022-03-01,2026-09-13T09:16:43Z,upgrade,A025FXXS4BVC2
Samsung Galaxy A02s,SM-A025F,EGY,A025FXXU2BUE2,2021-05-01,2026-09-13T09:16:43Z,upgrade,A025FXXU2BUDC
Samsung Galaxy A02s,SM-A025F,EGY,A025FXXS2BUF1,2021-06-01,2026-09-13T09:16:43Z,upgrade,A025FXXS2BUF1
Samsung Galaxy A02s,SM-A025F,ILO,A025FXXS8CXH1,2024-08-01,2026-09-13T09:16:43Z,latest,A025FXXS8CXH1
Samsung Galaxy A02s,SM-A025F,ILO,A025FXXU4CVJ1,2022-10-01,2026-09-13T09:16:43Z,upgrade,A025FXXU4CVF4
Samsung Galaxy A02s,SM-A025F,ILO,A025FXXS7CXC1,2024-03-01,2026-09-13T09:16:43Z,upgrade,A025FXXS7CWJ1
Samsung Galaxy A02s,SM-A025F,ILO,A025FXXS7CWJ3,2023-10-01,2026-09-13T09:16:43Z,upgrade,A025FXXS7CWJ1
Samsung Galaxy A02s,SM-A025F,ILO,A025FXXU3BUH1,2021-08-01,2026-09-13T09:16:43Z,upgrade,A025FXXU3BUH1
Samsung Galaxy A02s,SM-A025F,ILO,A025FXXU6CWE2,2023-05-01,2026-09-13T09:16:43Z,upgrade,A025FXXU6CWC1
Samsung Galaxy A02s,SM-A025F,ILO,A025FXXU4CVF4,2022-06-01,2026-09-13T09:16:43Z,upgrade,A025FXXU4CVF4
Samsung Galaxy A02s,SM-A025F,ILO,A025FXXS5CVK1,2022-11-01,2026-09-13T09:16:43Z,upgrade,A025FXXS5CVK1
Samsung Galaxy A02s,SM-A025F,ILO,A025FXXU3BUJ7,2021-10-01,2026-09-13T09:16:43Z,upgrade,A025FXXU3BUJ7
Samsung Galaxy A02s,SM-A025F,ILO,A025FXXS4BVC2,2022-03-01,2026-09-13T09:16:43Z,upgrade,A025FXXS4BVC2
Samsung Galaxy A02s,SM-A025F,ILO,A025FXXU2BUE2,2021-05-01,2026-09-13T09:16:43Z,upgrade,A025FXXU2BUDC
Samsung Galaxy A02s,SM-A025F,ILO,A025FXXS2BUF1,2021-06-01,2026-09-13T09:16:43Z,upgrade,A025FXXS2BUF1
Samsung Galaxy A02s,SM-A025F,MID,A025FXXS8CYC3,2025-03-01,2026-09-13T09:16:43Z,latest,A025FXXS8CYC3
Samsung Galaxy A02s,SM-A025F,MID,A025FXXS8CXH1,2024-08-01,2026-09-13T09:16:43Z,upgrade,A025FXXS8CXH1
Samsung Galaxy A02s,SM-A025F,MID,A025FXXU4CVJ1,2022-10-01,2026-09-13T09:16:43Z,upgrade,A025FXXU4CVF4
Samsung Galaxy A02s,SM-A025F,MID,A025FXXS7CXC1,2024-03-01,2026-09-13T09:16:43Z,upgrade,A025FXXS7CWJ1
Samsung Galaxy A02s,SM-A025F,MID,A025FXXS7CWJ3,2023-10-01,2026-09-13T09:16:43Z,upgrade,A025FXXS7CWJ1
Samsung Galaxy A02s,SM-A025F,MID,A025FXXU3BUH1,2021-08-01,2026-09-13T09:16:43Z,upgrade,A025FXXU3BUH1
Samsung Galaxy A02s,SM-A025F,MID,A025FXXU6CWE2,2023-05-01,2026-09-13T09:16:43Z,upgrade,A025FXXU6CWC1
Samsung Galaxy A02s,SM-A025F,MID,A025FXXU4CVF4,2022-06-01,2026-09-13T09:16:43Z,upgrade,A025FXXU4CVF4
Samsung Galaxy A02s,SM-A025F,MID,A025FXXS5CVK1,2022-11-01,2026-09-13T09:16:43Z,upgrade,A025FXXS5CVK1
Samsung Galaxy A02s,SM-A025F,MID,A025FXXS4BVE1,2022-05-01,2026-09-13T09:16:43Z,upgrade,A025FXXS4BVE1
Samsung Galaxy A02s,SM-A025F,MID,A025FXXU2BUE2,2021-05-01,2026-09-13T09:16:43Z,upgrade,A025FXXU2BUDC
Samsung Galaxy A02s,SM-A025F,MID,A025FXXS2BUF1,2021-06-01,2026-09-13T09:16:43Z,upgrade,A025FXXS2BUF1
Samsung Galaxy A02s,SM-A025F,THL,A025FXXS8CYC3,2025-03-01,2026-09-13T09:16:43Z,latest,A025FXXS8CYC3
Samsung Galaxy A02s,SM-A025F,THL,A025FXXS7CXC1,2024-03-01,2026-09-13T09:16:43Z,upgrade,A025FXXS7CWJ1
Samsung Galaxy A02s,SM-A025F,THL,A025FXXS3BVA2,2022-01-01,2026-09-13T09:16:43Z,upgrade,A025FXXU3BUJ7
Samsung Galaxy A02s,SM-A025F,THL,A025FXXU3BUJ7,2021-10-01,2026-09-13T09:16:43Z,upgrade,A025FXXU3BUJ7
Samsung Galaxy A02s,SM-A025F,THL,A025FXXS5CVK1,2022-11-01,2026-09-13T09:16:43Z,upgrade,A025FXXS5CVK1
Samsung Galaxy A02s,SM-A025F,THL,A025FXXU3BUH1,2021-08-01,2026-09-13T09:16:43Z,upgrade,A025FXXU3BUH1
Samsung Galaxy A02s,SM-A025F,THL,A025FXXU2BUE3,2021-05-01,2026-09-13T09:16:43Z,upgrade,A025FXXU2BUDC
Samsung Galaxy A02s,SM-A025F,THL,A025FXXU6CWE2,2023-05-01,2026-09-13T09:16:43Z,upgrade,A025FXXU6CWC1
Samsung Galaxy A02s,SM-A025F,THL,A025FXXS4BVC2,2022-03-01,2026-09-13T09:16:43Z,upgrade,A025FXXS4BVC2
Samsung Galaxy A02s,SM-A025F,THL,A025FXXU2BUDC,2021-04-01,2026-09-13T09:16:43Z,upgrade,A025FXXU2BUDC
Samsung Galaxy A02s,SM-A025F,THL,A025FXXU4CVJ1,2022-10-01,2026-09-13T09:16:43Z,upgrade,A025FXXU4CVF4
Samsung Galaxy A02s,SM-A025F,THL,A025FXXS2BUG1,2021-07-01,2026-09-13T09:16:43Z,upgrade,A025FXXS2BUF1
Samsung Galaxy A02s,SM-A025F,THL,A025FXXU4CVF4,2022-06-01,2026-09-13T09:16:43Z,upgrade,A025FXXU4CVF4
Samsung Galaxy A02s,SM-A025F,THL,A025FXXS8CXH1,2024-08-01,2026-09-13T09:16:43Z,upgrade,A025FXXS8CXH1
Samsung Galaxy A02s,SM-A025F,XME,A025FXXS8CXH1,2024-08-01,2026-09-13T09:16:43Z,latest,A025FXXS8CXH1
Samsung Galaxy A02s,SM-A025F,XME,A025FXXU2BUE3,2021-05-01,2026-09-13T09:16:43Z,upgrade,A025FXXU2BUDC
Samsung Galaxy A02s,SM-A025F,XME,A025FXXU6CWE2,2023-05-01,2026-09-13T09:16:43Z,upgrade,A025FXXU6CWC1
Samsung Galaxy A02s,SM-A025F,XME,A025FXXS4BVC2,2022-03-01,2026-09-13T09:16:43Z,upgrade,A025FXXS4BVC2
Samsung Galaxy A02s,SM-A025F,XME,A025FXXS7CXC1,2024-03-01,2026-09-13T09:16:43Z,upgrade,A025FXXS7CWJ1
Samsung Galaxy A02s,SM-A025F,XME,A025FXXS3BVA2,2022-01-01,2026-09-13T09:16:43Z,upgrade,A025FXXU3BUJ7
Samsung Galaxy A02s,SM-A025F,XME,A025FXXU2BUDC,2021-04-01,2026-09-13T09:16:43Z,upgrade,A025FXXU2BUDC
Samsung Galaxy A02s,SM-A025F,XME,A025FXXS2BUG1,2021-07-01,2026-09-13T09:16:43Z,upgrade,A025FXXS2BUF1
Samsung Galaxy A02s,SM-A025F,XME,A025FXXU3BUJ7,2021-10-01,2026-09-13T09:16:43Z,upgrade,A025FXXU3BUJ7
Samsung Galaxy A02s,SM-A025F,XME,A025FXXS5CVK1,2022-11-01,2026-09-13T09:16:43Z,upgrade,A025FXXS5CVK1
Samsung Galaxy A02s,SM-A025F,XME,A025FXXU4CVJ1,2022-10-01,2026-09-13T09:16:43Z,upgrade,A025FXXU4CVF4
Samsung Galaxy A02s,SM-A025F,XME,A025FXXU4CVF4,2022-06-01,2026-09-13T09:16:43Z,upgrade,A025FXXU4CVF4
Samsung Galaxy A02s,SM-A025F,XME,A025FXXU3BUH1,2021-08-01,2026-09-13T09:16:43Z,upgrade,A025FXXU3BUH1
Samsung Galaxy A02s,SM-A025F,SEK,A025FXXS8CYC3,2025-03-01,2026-09-13T09:16:43Z,latest,A025FXXS8CYC3
Samsung Galaxy A02s,SM-A025F,SEK,A025FXXS3BVA2,2022-01-01,2026-09-13T09:16:43Z,upgrade,A025FXXU3BUJ7
Samsung Galaxy A02s,SM-A025F,SEK,A025FXXU3BUJ7,2021-10-01,2026-09-13T09:16:43Z,upgrade,A025FXXU3BUJ7
Samsung Galaxy A02s,SM-A025F,SEK,A025FXXU2BUDC,2021-04-01,2026-09-13T09:16:43Z,upgrade,A025FXXU2BUDC
Samsung Galaxy A02s,SM-A025F,SEK,A025FXXS3BUJ1,2021-10-01,2026-09-13T09:16:43Z,upgrade,A025FXXS3BUJ1
Samsung Galaxy A02s,SM-A025F,SEK,A025FXXU6CWE2,2023-05-01,2026-09-13T09:16:43Z,upgrade,A025FXXU6CWC1
Samsung Galaxy A02s,SM-A025F,SEK,A025FXXS2BUF1,2021-06-01,2026-09-13T09:16:43Z,upgrade,A025FXXS2BUF1
Samsung Galaxy A02s,SM-A025F,SEK,A025FXXS7CXC1,2024-03-01,2026-09-13T09:16:43Z,upgrade,A025FXXS7CWJ1
Samsung Galaxy A02s,SM-A025F,SEK,A025FXXU2BUE2,2021-05-01,2026-09-13T09:16:43Z,upgrade,A025FXXU2BUDC
Samsung Galaxy A02s,SM-A025F,SEK,A025FXXS8CXH1,2024-08-01,2026-09-13T09:16:43Z,upgrade,A025FXXS8CXH1
Samsung Galaxy A02s,SM-A025F,SEK,A025FXXU4CVF4,2022-06-01,2026-09-13T09:16:43Z,upgrade,A025FXXU4CVF4
Samsung Galaxy A02s,SM-A025F,SEK,A025FXXU4CVJ1,2022-10-01,2026-09-13T09:16:43Z,upgrade,A025FXXU4CVF4
Samsung Galaxy A02s,SM-A025F,SEK,A025FXXS7CWJ3,2023-10-01,2026-09-13T09:16:43Z,upgrade,A025FXXS7CWJ1
Samsung Galaxy A02s,SM-A025F,SEK,A025FXXU3BUH1,2021-08-01,2026-09-13T09:16:43Z,upgrade,A025FXXU3BUH1
Samsung Galaxy A02s,SM-A025F,SEK,A025FXXS7CWK1,2023-11-01,2026-09-13T09:16:43Z,upgrade,A025FXXS7CWJ1
Samsung Galaxy A02s,SM-A025F,SEK,A025FXXS4BVC2,2022-03-01,2026-09-13T09:16:43Z,upgrade,A025FXXS4BVC2
Samsung Galaxy A02s,SM-A025F,SEK,A025FXXS5CVK1,2022-11-01,2026-09-13T09:16:43Z,upgrade,A025FXXS5CVK1
Samsung Galaxy A03 Core,SM-A032F,INS,A032FXXS9CZA1,2026-01-01,2026-09-13T09:16:43Z,latest,A032FXXS9CZA1
Samsung Galaxy A03 Core,SM-A032F,INS,A032FXXS2AVJ2,2022-10-01,2026-09-13T09:16:43Z,upgrade,A032FXXS2AVJ2
Samsung Galaxy A03 Core,SM-A032F,INS,A032FXXU1AVA1,2022-01-01,2026-09-13T09:16:43Z,upgrade,A032FXXU1AUL4
Samsung Galaxy A03 Core,SM-A032F,INS,A032FXXU4CWI8,2023-09-01,2026-09-13T09:16:43Z,upgrade,A032FXXU4CWI8
Samsung Galaxy A03 Core,SM-A032F,INS,A032FXXS5CXA1,2024-01-01,2026-09-13T09:16:43Z,upgrade,A032FXXS5CXA1
Samsung Galaxy A03 Core,SM-A032F,INS,A032FXXU1AVE2,2022-05-01,2026-09-13T09:16:43Z,upgrade,A032FXXU1AVC2
Samsung Galaxy A03 Core,SM-A032F,INS,A032FXXU1AVC2,2022-03-01,2026-09-13T09:16:43Z,upgrade,A032FXXU1AVC2
Samsung Galaxy A03 Core,SM-A032F,INS,A032FXXU2BWC4,2023-03-01,2026-09-13T09:16:43Z,upgrade,A032FXXU2BWC3
Samsung Galaxy A03 Core,SM-A032F,INS,A032FXXU2AVH2,2022-08-01,2026-09-13T09:16:43Z,upgrade,A032FXXU2AVG1
Samsung Galaxy A03 Core,SM-A032F,INS,A032FXXS4BWH8,2023-08-01,2026-09-13T09:16:43Z,upgrade,A032FXXS4BWH5
Samsung Galaxy A03 Core,SM-A032F,INS,A032FXXS7CYA3,2025-01-01,2026-09-13T09:16:43Z,upgrade,A032FXXS7CYA3
Samsung Galaxy A03 Core,SM-A032F,INS,A032FXXU3BWF1,2023-06-01,2026-09-13T09:16:43Z,upgrade,A032FXXU3BWF1
Samsung Galaxy A03 Core,SM-A032F,INS,A032FXXU1AUKE,2021-11-01,2026-09-13T09:16:43Z,upgrade,A032FXXU1AUKC
Samsung Galaxy A03 Core,SM-A032F,INS,A032FXXU2AVH4,2022-08-01,2026-09-13T09:16:43Z,upgrade,A032FXXU2AVG1
Samsung Galaxy A03 Core,SM-A032F,INS,A032FXXU1AUL5,2021-12-01,2026-09-13T09:16:43Z,upgrade,A032FXXU1AUL4
Samsung Galaxy A03 Core,SM-A032F,INS,A032FXXS8CYF3,2025-06-01,2026-09-13T09:16:43Z,upgrade,A032FXXS8CYF3
Samsung Galaxy A03 Core,SM-A032F,INS,A032FXXU1AVB3,2022-02-01,2026-09-13T09:16:43Z,upgrade,A032FXXU1AVB1
Samsung Galaxy A03 Core,SM-A032F,INS,A032FXXS6CXE1,2024-05-01,2026-09-13T09:16:43Z,upgrade,A032FXXS6CXE1
Samsung Galaxy A03 Core,SM-A032F,XSG,A032FXXS9CZA2,2026-01-01,2026-09-13T09:16:43Z,latest,A032FXXS9CZA1
Samsung Galaxy A03 Core,SM-A032F,XSG,A032FXXU2BWC3,2023-03-01,2026-09-13T09:16:43Z,upgrade,A032FXXU2BWC3
Samsung Galaxy A03 Core,SM-A032F,XSG,A032FXXU1AUL5,2021-12-01,2026-09-13T09:16:43Z,upgrade,A032FXXU1AUL4
Samsung Galaxy A03 Core,SM-A032F,XSG,A032FXXU1AUKE,2021-11-01,2026-09-13T09:16:43Z,upgrade,A032FXXU1AUKC
Samsung Galaxy A03 Core,SM-A032F,XSG,A032FXXU2AVH4,2022-08-01,2026-09-13T09:16:43Z,upgrade,A032FXXU2AVG1
Samsung Galaxy A03 Core,SM-A032F,XSG,A032FXXS5CXA2,2024-01-01,2026-09-13T09:16:43Z,upgrade,A032FXXS5CXA1
Samsung Galaxy A03 Core,SM-A032F,XSG,A032FXXU2AVH2,2022-08-01,2026-09-13T09:16:43Z,upgrade,A032FXXU2AVG1
Samsung Galaxy A03 Core,SM-A032F,XSG,A032FXXS6CXE2,2024-05-01,2026-09-13T09:16:43Z,upgrade,A032FXXS6CXE1
Samsung Galaxy A03 Core,SM-A032F,XSG,A032FXXS4BWH5,2023-08-01,2026-09-13T09:16:43Z,upgrade,A032FXXS4BWH5
Samsung Galaxy A03 Core,SM-A032F,XSG,A032FXXU1AVC2,2022-03-01,2026-09-13T09:16:43Z,upgrade,A032FXXU1AVC2
Samsung Galaxy A03 Core,SM-A032F,XSG,A032FXXS2AVJ2,2022-10-01,2026-09-13T09:16:43Z,upgrade,A032FXXS2AVJ2
