device,model,codename,region,version,size,updated_at,download_url,model_url,matched_devices,security_patch,security_url,baseband,chipset,ingested_at
iPhone 2G,"iPhone1,1","iPhone1,1",Global,iOS 1.0 (1A543a),0.10GB,,"https://secure-appldnld.apple.com/iPhone/061-3538.20070629.B7vXa/iPhone1,1_1.0_1A543a_Restore.ipsw","https://ipsw.me/iPhone1,1",ip29,,,,Samsung S5L8900,2026-09-21 23:15:28
iPhone 2G,"iPhone1,1","iPhone1,1",Global,iOS 1.0.1 (1C25),0.10GB,,"https://secure-appldnld.apple.com/iPhone/061-3614.20070731.Nt6Y7/iPhone1,1_1.0.1_1C25_Restore.ipsw","https://ipsw.me/iPhone1,1",ip29,,,,Samsung S5L8900,2026-09-21 23:15:28
iPhone 2G,"iPhone1,1","iPhone1,1",Global,iOS 1.0.2 (1C28),0.10GB,,"https://secure-appldnld.apple.com/iPhone/061-3823.20070821.vormd/iPhone1,1_1.0.2_1C28_Restore.ipsw","https://ipsw.me/iPhone1,1",ip29,,,,Samsung S5L8900,2026-09-21 23:15:28
iPhone 2G,"iPhone1,1","iPhone1,1",Global,iOS 1.1.1 (3A109a),0.16GB,,"https://secure-appldnld.apple.com/iPhone/061-3883.20070927.In76t/iPhone1,1_1.1.1_3A109a_Restore.ipsw","https://ipsw.me/iPhone1,1",ip29,,,,Samsung S5L8900,2026-09-21 23:15:28
iPhone 2G,"iPhone1,1","iPhone1,1",Global,iOS 1.1.2 (3B48b),0.17GB,,"https://secure-appldnld.apple.com/iPhone/061-4037.20071107.5Bghn/iPhone1,1_1.1.2_3B48b_Restore.ipsw","https://ipsw.me/iPhone1,1",ip29,,,,Samsung S5L8900,2026-09-21 23:15:28
iPhone 2G,"iPhone1,1","iPhone1,1",Global,iOS 1.1.3 (4A93),0.17GB,,"https://secure-appldnld.apple.com/iPhone/061-4061.20080115.4Fvn7/iPhone1,1_1.1.3_4A93_Restore.ipsw","https://ipsw.me/iPhone1,1",ip29,,,,Samsung S5L8900,2026-09-21 23:15:28
iPhone 2G,"iPhone1,1","iPhone1,1",Global,iOS 1.1.4 (4A102),0.17GB,,"https://secure-appldnld.apple.com/iPhone/061-4313.20080226.Sw39i/iPhone1,1_1.1.4_4A102_Restore.ipsw","https://ipsw.me/iPhone1,1",ip29,,,,Samsung S5L8900,2026-09-21 23:15:28
iPhone 2G,"iPhone1,1","iPhone1,1",Global,iOS 2.0 (5A347),0.23GB,,"https://secure-appldnld.apple.com/iPhone/061-4956.20080710.V50OI/iPhone1,1_2.0_5A347_Restore.ipsw","https://ipsw.me/iPhone1,1",ip29,,,,Samsung S5L8900,2026-09-21 23:15:28
iPhone 2G,"iPhone1,1","iPhone1,1",Global,iOS 2.0.1 (5B108),0.25GB,,"https://secure-appldnld.apple.com/iPhone/061-5135.20080729.Vfgtr/iPhone1,1_2.0.1_5B108_Restore.ipsw","https://ipsw.me/iPhone1,1",ip29,,,,Samsung S5L8900,2026-09-21 23:15:28
iPhone 2G,"iPhone1,1","iPhone1,1",Global,iOS 2.0.2 (5C1),0.25GB,,"https://secure-appldnld.apple.com/iPhone/061-5246.20080818.2V0hO/iPhone1,1_2.0.2_5C1_Restore.ipsw","https://ipsw.me/iPhone1,1",ip29,,,,Samsung S5L8900,2026-09-21 23:15:28
iPhone 2G,"iPhone1,1","iPhone1,1",Global,iOS 2.1 (5F136),0.24GB,,"https://secure-appldnld.apple.com/iPhone/061-5202.20080909.gkbEj/iPhone1,1_2.1_5F136_Restore.ipsw","https://ipsw.me/iPhone1,1",ip29,,,,Samsung S5L8900,2026-09-21 23:15:28
iPhone 2G,"iPhone1,1","iPhone1,1",Global,iOS 2.2 (5G77),0.26GB,,"https://secure-appldnld.apple.com/iPhone/061-5779.20081120.Pt5yH/iPhone1,1_2.2_5G77_Restore.ipsw","https://ipsw.me/iPhone1,1",ip29,,,,Samsung S5L8900,2026-09-21 23:15:28
iPhone 2G,"iPhone1,1","iPhone1,1",Global,iOS 2.2.1 (5H11),0.26GB,,"https://secure-appldnld.apple.com/iPhone/061-5830.20090127.Mmni6/iPhone1,1_2.2.1_5H11_Restore.ipsw","https://ipsw.me/iPhone1,1",ip29,,,,Samsung S5L8900,2026-09-21 23:15:28
iPhone 2G,"iPhone1,1","iPhone1,1",Global,iOS 3.0 (7A341),0.24GB,,"https://secure-appldnld.apple.com/iPhone/061-6580.20090617.XsP76/iPhone1,1_3.0_7A341_Restore.ipsw","https://ipsw.me/iPhone1,1",ip29,,,,Samsung S5L8900,2026-09-21 23:15:28
iPhone 2G,"iPhone1,1","iPhone1,1",Global,iOS 3.0.1 (7A400),0.24GB,,"https://secure-appldnld.apple.com/iPhone/061-6974.20090731.Cf4Tg/iPhone1,1_3.0.1_7A400_Restore.ipsw","https://ipsw.me/iPhone1,1",ip29,,,,Samsung S5L8900,2026-09-21 23:15:28
iPhone 2G,"iPhone1,1","iPhone1,1",Global,iOS 3.1 (7C144),0.25GB,,"https://secure-appldnld.apple.com/iPhone/061-6605.20090909.PQ3ws/iPhone1,1_3.1_7C144_Restore.ipsw","https://ipsw.me/iPhone1,1",ip29,,,,Samsung S5L8900,2026-09-21 23:15:28
iPhone 2G,"iPhone1,1","iPhone1,1",Global,iOS 3.1.2 (7D11),0.25GB,,"https://secure-appldnld.apple.com/iPhone/061-7268.20091008.32pNe/iPhone1,1_3.1.2_7D11_Restore.ipsw","https://ipsw.me/iPhone1,1",ip29,,,,Samsung S5L8900,2026-09-21 23:15:28
iPhone 2G,"iPhone1,1","iPhone1,1",Global,iOS 3.1.3 (7E18),0.24GB,,"https://secure-appldnld.apple.com/iPhone/061-7481.20100202.4orot/iPhone1,1_3.1.3_7E18_Restore.ipsw","https://ipsw.me/iPhone1,1",ip29,,,,Samsung S5L8900,2026-09-21 23:15:28
iPhone 3G,"iPhone1,2","iPhone1,2",Global,iOS 2.0 (5A347),0.24GB,,"https://secure-appldnld.apple.com/iPhone/061-4955.20080710.bgt53/iPhone1,2_2.0_5A347_Restore.ipsw","https://ipsw.me/iPhone1,2",ip30,,,,Samsung S5L8900,2026-09-21 23:15:28
iPhone 3G,"iPhone1,2","iPhone1,2",Global,iOS 2.0.1 (5B108),0.26GB,,"https://secure-appldnld.apple.com/iPhone/061-5134.20080729.Q2W3E/iPhone1,2_2.0.1_5B108_Restore.ipsw","https://ipsw.me/iPhone1,2",ip30,,,,Samsung S5L8900,2026-09-21 23:15:28
iPhone 3G,"iPhone1,2","iPhone1,2",Global,iOS 2.0.2 (5C1),0.26GB,,"https://secure-appldnld.apple.com/iPhone/061-5241.20080818.t5Fv3/iPhone1,2_2.0.2_5C1_Restore.ipsw","https://ipsw.me/iPhone1,2",ip30,,,,Samsung S5L8900,2026-09-21 23:15:28
iPhone 3G,"iPhone1,2","iPhone1,2",Global,iOS 2.1 (5F136),0.25GB,,"https://secure-appldnld.apple.com/iPhone/061-5198.20080909.K3294/iPhone1,2_2.1_5F136_Restore.ipsw","https://ipsw.me/iPhone1,2",ip30,,,,Samsung S5L8900,2026-09-21 23:15:28
iPhone 3G,"iPhone1,2","iPhone1,2",Global,iOS 2.2 (5G77),0.26GB,,"https://secure-appldnld.apple.com/iPhone/061-5778.20081120.Aqw4R/iPhone1,2_2.2_5G77_Restore.ipsw","https://ipsw.me/iPhone1,2",ip30,,,,Samsung S5L8900,2026-09-21 23:15:28
iPhone 3G,"iPhone1,2","iPhone1,2",Global,iOS 2.2.1 (5H11),0.26GB,,"https://secure-appldnld.apple.com/iPhone/061-5828.20090127.aQLi8/iPhone1,2_2.2.1_5H11_Restore.ipsw","https://ipsw.me/iPhone1,2",ip30,,,,Samsung S5L8900,2026-09-21 23:15:28
iPhone 3G,"iPhone1,2","iPhone1,2",Global,iOS 3.0 (7A341),0.24GB,,"https://secure-appldnld.apple.com/iPhone/061-6578.20090617.VfgtU/iPhone1,2_3.0_7A341_Restore.ipsw","https://ipsw.me/iPhone1,2",ip30,,,,Samsung S5L8900,2026-09-21 23:15:28
iPhone 3G,"iPhone1,2","iPhone1,2",Global,iOS 3.0.1 (7A400),0.24GB,,"https://secure-appldnld.apple.com/iPhone/061-6972.20090731.Zx3Rr/iPhone1,2_3.0.1_7A400_Restore.ipsw","https://ipsw.me/iPhone1,2",ip30,,,,Samsung S5L8900,2026-09-21 23:15:28
iPhone 3G,"iPhone1,2","iPhone1,2",Global,iOS 3.1 (7C144),0.25GB,,"https://secure-appldnld.apple.com/iPhone/061-6600.20090909.AwndZ/iPhone1,2_3.1_7C144_Restore.ipsw","https://ipsw.me/iPhone1,2",ip30,,,,Samsung S5L8900,2026-09-21 23:15:28
iPhone 3G,"iPhone1,2","iPhone1,2",Global,iOS 3.1.2 (7D11),0.25GB,,"https://secure-appldnld.apple.com/iPhone/061-7265.20091008.Xsd32/iPhone1,2_3.1.2_7D11_Restore.ipsw","https://ipsw.me/iPhone1,2",ip30,,,,Samsung S5L8900,2026-09-21 23:15:28
iPhone 3G,"iPhone1,2","iPhone1,2",Global,iOS 3.1.3 (7E18),0.24GB,,"https://secure-appldnld.apple.com/iPhone/061-7468.20100202.pbnrt/iPhone1,2_3.1.3_7E18_Restore.ipsw","https://ipsw.me/iPhone1,2",ip30,,,,Samsung S5L8900,2026-09-21 23:15:28
iPhone 3G,"iPhone1,2","iPhone1,2",Global,iOS 4.0 (8A293),0.31GB,,"https://secure-appldnld.apple.com/iPhone4/061-7436.20100621.58Yt4/iPhone1,2_4.0_8A293_Restore.ipsw","https://ipsw.me/iPhone1,2",ip30,,,05.13.04,Samsung S5L8900,2026-09-21 23:15:28
iPhone 3G,"iPhone1,2","iPhone1,2",Global,iOS 4.0.1 (8A306),0.32GB,,"https://secure-appldnld.apple.com/iPhone4/061-8616.20100715.phnt4/iPhone1,2_4.0.1_8A306_Restore.ipsw","https://ipsw.me/iPhone1,2",ip30,,,05.13.04,Samsung S5L8900,2026-09-21 23:15:28
iPhone 3G,"iPhone1,2","iPhone1,2",Global,iOS 4.0.2 (8A400),0.32GB,,"https://secure-appldnld.apple.com/iPhone4/061-8802.20100811.XcfpR/iPhone1,2_4.0.2_8A400_Restore.ipsw","https://ipsw.me/iPhone1,2",ip30,,,05.13.04,Samsung S5L8900,2026-09-21 23:15:28
iPhone 3G,"iPhone1,2","iPhone1,2",Global,iOS 4.1 (8B117),0.32GB,,"https://secure-appldnld.apple.com/iPhone4/061-7932.20100908.3fgt5/iPhone1,2_4.1_8B117_Restore.ipsw","https://ipsw.me/iPhone1,2",ip30,,,05.14.02,Samsung S5L8900,2026-09-21 23:15:28
iPhone 3G,"iPhone1,2","iPhone1,2",Global,iOS 4.2.1 (8C148),0.34GB,,"https://secure-appldnld.apple.com/iPhone4/061-9853.20101122.Vfgt5/iPhone1,2_4.2.1_8C148_Restore.ipsw","https://ipsw.me/iPhone1,2",ip30,,,05.15.04,Samsung S5L8900,2026-09-21 23:15:28
iPhone XS,"iPhone11,2","iPhone11,2",Global,iOS 18.7.10 (22H374),8.85GB,2026-08-17,"https://updates.cdn-apple.com/2026WinterFCS/fullrestores/140-97977/CB8B320D-008B-4FC2-8256-56A1DB86C586/iPhone11,2,iPhone11,4,iPhone11,6_18.7.10_22H374_Restore.ipsw","https://ipsw.me/iPhone11,2",ip61,https://support.apple.com/148287,https://support.apple.com/148287,7.03.02,Apple A12 Bionic,2026-09-21 23:15:28
iPhone XS,"iPhone11,2","iPhone11,2",Global,iOS 18.7.2 (22H124),8.85GB,2025-11-05,"https://updates.cdn-apple.com/2025FallFCS/fullrestores/089-18690/1C111BF6-B55E-460B-AE63-5343B163CAE4/iPhone11,2,iPhone11,4,iPhone11,6_18.7.2_22H124_Restore.ipsw","https://ipsw.me/iPhone11,2",ip61,,,7.03.01,Apple A12 Bionic,2026-09-21 23:15:28
iPhone XS,"iPhone11,2","iPhone11,2",Global,iOS 18.7.3 (22H217),8.85GB,2025-12-22,"https://updates.cdn-apple.com/2025FallFCS/fullrestores/093-88977/B7FC6577-F360-4D7E-94FE-E974028FD734/iPhone11,2,iPhone11,4,iPhone11,6_18.7.3_22H217_Restore.ipsw","https://ipsw.me/iPhone11,2",ip61,,,7.03.01,Apple A12 Bionic,2026-09-21 23:15:28
iPhone XS,"iPhone11,2","iPhone11,2",Global,iOS 18.7.4 (22H218),8.85GB,2026-01-26,"https://updates.cdn-apple.com/2025FallFCS/fullrestores/047-14498/2B77DBD4-0BD9-4B7F-AD06-C871188A7229/iPhone11,2,iPhone11,4,iPhone11,6_18.7.4_22H218_Restore.ipsw","https://ipsw.me/iPhone11,2",ip61,,,7.03.02,Apple A12 Bionic,2026-09-21 23:15:28
iPhone XS,"iPhone11,2","iPhone11,2",Global,iOS 18.7.5 (22H311),8.85GB,2026-02-11,"https://updates.cdn-apple.com/2026WinterFCS/fullrestores/047-54017/E65D6CB1-9830-4A2C-B6E5-5777538BCE03/iPhone11,2,iPhone11,4,iPhone11,6_18.7.5_22H311_Restore.ipsw","https://ipsw.me/iPhone11,2",ip61,,,7.03.01,Apple A12 Bionic,2026-09-21 23:15:28
