codename,vendor,name,soc,models
A6020_variant1,Lenovo,Vibe K5,Qualcomm MSM8929 Snapdragon 415,
A6020_variant2,Lenovo,Vibe K5 Plus,Qualcomm MSM8939v2 Snapdragon 616,
Amber,Yandex,Phone,Qualcomm SDM630 Snapdragon 630,
DRG,Nokia,6.1 Plus,Qualcomm SDM636 Snapdragon 636,
FP2,Fairphone,2,Qualcomm MSM8974AB-AB Snapdragon 801,
FP3_variant1,Fairphone,3,Qualcomm SDM632 Snapdragon 632,
FP3_variant2,Fairphone,3+,Qualcomm SDM632 Snapdragon 632,
FP4,Fairphone,4,Qualcomm SM7225 Snapdragon 750G,
FP5,Fairphone,5,Qualcomm QCM6490,
G,10.or,G,Qualcomm MSM8953 Pro Snapdragon 626,
I001D,ASUS,ROG Phone 2 (ZS660KL),Qualcomm SM8150-AC Snapdragon 855+,
I01WD,ASUS,Zenfone 6 (ZS630KL),Qualcomm SM8150 Snapdragon 855,
Mi439_variant1,Xiaomi,Redmi 7A,Qualcomm SDM439 Snapdragon 439,
Mi439_variant2,Xiaomi,Redmi 8,Qualcomm SDM439 Snapdragon 439,
Mi439_variant3,Xiaomi,Redmi 8A,Qualcomm SDM439 Snapdragon 439,
Mi439_variant4,Xiaomi,Redmi 8A Dual,Qualcomm SDM439 Snapdragon 439,
Mi8917_variant1,Xiaomi,Redmi 4A,Qualcomm MSM8917 Snapdragon 425,
Mi8917_variant2,Xiaomi,Redmi 5A,Qualcomm MSM8917 Snapdragon 425,
Mi8917_variant3,Xiaomi,Redmi Note 5A Lite,Qualcomm MSM8917 Snapdragon 425,
Mi8917_variant4,Xiaomi,Redmi Y1 Lite,Qualcomm MSM8917 Snapdragon 425,
Mi8937_variant1,Xiaomi,Redmi 3S,Qualcomm MSM8937 Snapdragon 430,
Mi8937_variant2,Xiaomi,Redmi 3X,Qualcomm MSM8937 Snapdragon 430,
Mi8937_variant3,Xiaomi,Redmi 4 (India),Qualcomm MSM8940 Snapdragon 435,
Mi8937_variant4,Xiaomi,Redmi 4X,Qualcomm MSM8940 Snapdragon 435,
Mi8937_variant5,Xiaomi,Redmi Note 5A Prime,Qualcomm MSM8940 Snapdragon 435,
Mi8937_variant6,Xiaomi,Redmi Y1 Prime,Qualcomm MSM8940 Snapdragon 435,
P024,ASUS,ZenPad 8.0 (Z380KL),Qualcomm MSM8916 Snapdragon 410,
PL2,Nokia,6.1 (2018),Qualcomm SDM630 Snapdragon 630,
RMX1801,Realme,2 Pro,Qualcomm SDM660 Snapdragon 660,
RMX1851,Realme,3 Pro,Qualcomm SDM710 Snapdragon 710,
Spacewar,Nothing,Phone (1),Qualcomm SM7325-AE Snapdragon 778G+ 5G,
TP1803,Nubia,Mini 5G,Qualcomm SM8150 Snapdragon 855,
X00P,ASUS,Zenfone Max M1,Qualcomm MSM8937 Snapdragon 430,
X00TD,ASUS,Zenfone Max Pro M1,Qualcomm SDM636 Snapdragon 636,
X01AD,ASUS,Zenfone Max M2,Qualcomm SDM632 Snapdragon 632,
X01BD,ASUS,Zenfone Max Pro M2,Qualcomm SDM660 Snapdragon 660,
YTX703F,Lenovo,Yoga Tab 3 Plus Wi-Fi,Qualcomm APQ8076 Snapdragon 652,
YTX703L,Lenovo,Yoga Tab 3 Plus LTE,Qualcomm MSM8976 Snapdragon 652,
Z008,ASUS,Zenfone 2 (720p),Intel Atom Z3560,
Z00A,ASUS,Zenfone 2 (1080p),"[Intel Atom Z3560, Intel Atom Z3580]",
Z00D,ASUS,Zenfone 2 (ZE500CL),Intel Atom Z2560,
Z00L,ASUS,Zenfone 2 Laser (720p),"[Qualcomm MSM8939 Snapdragon 615, Qualcomm MSM8916 Snapdragon 410]",
Z00T_variant1,ASUS,Zenfone 2 Laser (1080p),Qualcomm MSM8939 Snapdragon 615,
Z00T_variant2,ASUS,Zenfone 2 Selfie (1080p),Qualcomm MSM8939 Snapdragon 615,
Z01R,ASUS,Zenfone 5Z (ZS620KL),Qualcomm SDM845 Snapdragon 845,
a3xelte,Samsung,Galaxy A3 (2016),Samsung Exynos 7578,
a52q,Samsung,Galaxy A52 4G,Qualcomm SM7125 Snapdragon 720G,
a52sxq,Samsung,Galaxy A52s 5G,Qualcomm SM7325 Snapdragon 778G 5G,
a5xelte,Samsung,Galaxy A5 (2016),Samsung Exynos 7580,
a5y17lte,Samsung,Galaxy A5 (2017),Samsung Exynos 7880,
a72q,Samsung,Galaxy A72,Qualcomm SM7125 Snapdragon 720G,
a73xq,Samsung,Galaxy A73 5G,Qualcomm SM7325 Snapdragon 778G 5G,
a7xelte,Samsung,Galaxy A7 (2016),Samsung Exynos 7580,
a7y17lte,Samsung,Galaxy A7 (2017),Samsung Exynos 7880,
addison,Motorola,moto z play,Qualcomm MSM8953 Snapdragon 625,
ahannah,Motorola,moto e5 plus (XT1924-3/9),Qualcomm MSM8937 Snapdragon 430,
akari,Sony,Xperia XZ2,Qualcomm SDM845 Snapdragon 845,
akatsuki,Sony,Xperia XZ3,Qualcomm SDM845 Snapdragon 845,
akita,Google,Pixel 8a,Google Tensor G3,
albus,Motorola,moto z2 play,Qualcomm MSM8953 Pro Snapdragon 626,
alioth_variant1,Xiaomi,POCO F3,Qualcomm SM8250-AC Snapdragon 870,
alioth_variant2,Xiaomi,Redmi K40,Qualcomm SM8250-AC Snapdragon 870,
alioth_variant3,Xiaomi,Mi 11X,Qualcomm SM8250-AC Snapdragon 870,
alphaplus,LG,G8 ThinQ (Korea),Qualcomm SM8150 Snapdragon 855,
angler,Google,Nexus 6P,Qualcomm MSM8994 Snapdragon 810,
anne,Huawei,P20 Lite,HiSilicon Kirin 659,
apollon_variant1,Xiaomi,Mi 10T,Qualcomm SM8250 Snapdragon 865,
apollon_variant2,Xiaomi,Mi 10T Pro,Qualcomm SM8250 Snapdragon 865,
apollon_variant3,Xiaomi,Redmi K30S Ultra,Qualcomm SM8250 Snapdragon 865,
armani,Xiaomi,Redmi 1S,Qualcomm MSM8226 Snapdragon 400,
athene,Motorola,moto g4,Qualcomm MSM8952 Snapdragon 617,
aura,Razer,Phone 2,Qualcomm SDM845 Snapdragon 845,
aurora,Sony,Xperia XZ2 Premium,Qualcomm SDM845 Snapdragon 845,
avicii,OnePlus,Nord,Qualcomm SM7250 Snapdragon 765G,
axolotl,SHIFT,SHIFT6mq,Qualcomm SDM845 Snapdragon 845,
axon7,ZTE,Axon 7,Qualcomm MSM8996 Snapdragon 820,
bacon,OnePlus,One,Qualcomm MSM8974AC Snapdragon 801,
barbet,Google,Pixel 5a,Qualcomm SM7250 Snapdragon 765G,
bardock,BQ,Aquaris X,Qualcomm MSM8953 Pro Snapdragon 626,
bardockpro,BQ,Aquaris X Pro,Qualcomm MSM8953 Pro Snapdragon 626,
beckham,Motorola,moto z3 play,Qualcomm SDM636 Snapdragon 636,
berkeley,Huawei,Honor View 10,HiSilicon Kirin 970,
berlin,Motorola,edge 20,Qualcomm SM7325 Snapdragon 778G 5G,
berlna,Motorola,edge 2021,Qualcomm SM7325 Snapdragon 778G 5G,
beryllium,Xiaomi,POCO F1,Qualcomm SDM845 Snapdragon 845,
betalm,LG,G8s ThinQ,Qualcomm SM8150 Snapdragon 855,
beyond0lte,Samsung,Galaxy S10e,Samsung Exynos 9820,
beyond1lte,Samsung,Galaxy S10,Samsung Exynos 9820,
beyond2lte,Samsung,Galaxy S10+,Samsung Exynos 9820,
beyondx,Samsung,Galaxy S10 5G,Samsung Exynos 9820,
bluejay,Google,Pixel 6a,Google Tensor GS101,
blueline,Google,Pixel 3,Qualcomm SDM845 Snapdragon 845,
bonito,Google,Pixel 3a XL,Qualcomm SDM670 Snapdragon 670,
bramble,Google,Pixel 4a 5G,Qualcomm SM7250 Snapdragon 765G,
bullhead,Google,Nexus 5X,Qualcomm MSM8992 Snapdragon 808,
cancro_variant1,Xiaomi,Mi 3,Qualcomm MSM8974 Snapdragon 800,
cancro_variant2,Xiaomi,Mi 4,Qualcomm MSM8974AC Snapdragon 801,
capricorn,Xiaomi,Mi 5s,Qualcomm MSM8996 Pro Snapdragon 821,
caprip,Motorola,moto g30,Qualcomm SM6115 Snapdragon 662,
castor,Sony,Xperia Tablet Z2 LTE,Qualcomm MSM8974AC Snapdragon 801,
castor_windy,Sony,Xperia Tablet Z2 Wi-Fi,Qualcomm MSM8974AC Snapdragon 801,
cedric,Motorola,moto g5,Qualcomm MSM8937 Snapdragon 430,
chagalllte,Samsung,Galaxy Tab S 10.5 LTE,Samsung Exynos 5420,
chagallwifi,Samsung,Galaxy Tab S 10.5 Wi-Fi,Samsung Exynos 5420,
channel,Motorola,moto g7 play,Qualcomm SDM632 Snapdragon 632,
chaozu,BQ,Aquaris U,Qualcomm MSM8937 Snapdragon 430,
charlotte,Huawei,P20 Pro,HiSilicon Kirin 970,
che10,Huawei,Honor 4x (China Telecom),Qualcomm MSM8916 Snapdragon 410,
cheeseburger,OnePlus,5,Qualcomm MSM8998 Snapdragon 835,
cheetah,Google,Pixel 7 Pro,Google Tensor GS201,
chef,Motorola,one power,Qualcomm SDM636 Snapdragon 636,
cherry_variant1,Huawei,Honor 4,Qualcomm MSM8916 Snapdragon 410,
cherry_variant2,Huawei,Honor 4X,Qualcomm MSM8916 Snapdragon 410,
cheryl,Razer,Phone,Qualcomm MSM8998 Snapdragon 835,
chiron,Xiaomi,Mi MIX 2,Qualcomm MSM8998 Snapdragon 835,
clark_variant1,Motorola,moto x pure edition (2015),Qualcomm MSM8992 Snapdragon 808,
clark_variant2,Motorola,moto x style (2015),Qualcomm MSM8992 Snapdragon 808,
condor,Motorola,moto e,Qualcomm MSM8212 Snapdragon 200,
coral,Google,Pixel 4 XL,Qualcomm SM8150 Snapdragon 855,
crackling,Wileyfox,Swift,Qualcomm MSM8916 Snapdragon 410,
crosshatch,Google,Pixel 3 XL,Qualcomm SDM845 Snapdragon 845,
crownlte,Samsung,Galaxy Note 9,Samsung Exynos 9810,
d1,Samsung,Galaxy Note10,Samsung Exynos 9825,
d2att,Samsung,Galaxy S III (AT&T),Qualcomm MSM8960 Snapdragon S4 Plus,
d2s,Samsung,Galaxy Note10+,Samsung Exynos 9825,
d2spr,Samsung,Galaxy S III (Sprint),Qualcomm MSM8960 Snapdragon S4 Plus,
d2tmo,Samsung,Galaxy S III (T-Mobile),Qualcomm MSM8960 Snapdragon S4 Plus,
d2vzw,Samsung,Galaxy S III (Verizon),Qualcomm MSM8960 Snapdragon S4 Plus,
d2x,Samsung,Galaxy Note10+ 5G,Samsung Exynos 9825,
d800,LG,G2 (AT&T),Qualcomm MSM8974 Snapdragon 800,
d801,LG,G2 (T-Mobile),Qualcomm MSM8974 Snapdragon 800,
d802,LG,G2 (International),Qualcomm MSM8974 Snapdragon 800,
d803,LG,G2 (Canadian),Qualcomm MSM8974 Snapdragon 800,
d850,LG,G3 (AT&T),Qualcomm MSM8974AC Snapdragon 801,
d851,LG,G3 (T-Mobile),Qualcomm MSM8974AC Snapdragon 801,
d852,LG,G3 (Canada),Qualcomm MSM8974AC Snapdragon 801,
d855,LG,G3 (International),Qualcomm MSM8974AC Snapdragon 801,
davinci_variant1,Xiaomi,Mi 9T,Qualcomm SM7150-AA Snapdragon 730,
davinci_variant2,Xiaomi,Redmi K20 (China),Qualcomm SM7150-AA Snapdragon 730,
davinci_variant3,Xiaomi,Redmi K20 (India),Qualcomm SM7150-AA Snapdragon 730,
deadpool,Google,ADT-3,Amlogic S905y2,
deb,Google,Nexus 7 2013 (LTE),Qualcomm MSM8960T Snapdragon S4 Pro,
debx,Google,"Nexus 7 2013 (LTE, Repartitioned)",Qualcomm MSM8960T Snapdragon S4 Pro,
devon,Motorola,moto g32,Qualcomm SM6225 Snapdragon 680 4G,
dipper,Xiaomi,Mi 8,Qualcomm SDM845 Snapdragon 845,
discovery,Sony,Xperia XA2 Ultra,Qualcomm SDM630 Snapdragon 630,
dogo,Sony,Xperia ZR,Qualcomm APQ8064 Snapdragon S4 Pro,
dopinder,Walmart,onn. TV Box 4K (2021),Amlogic S905x2,
dragon,Google,Pixel C,NVIDIA Tegra X1 (T210),
dre,OnePlus,Nord N200,Qualcomm SM4350 Snapdragon 480,
dubai,Motorola,edge 30,Qualcomm SM7325-AE Snapdragon 778G+ 5G,
dumpling,OnePlus,5T,Qualcomm MSM8998 Snapdragon 835,
earth_variant1,Xiaomi,Redmi 12C,Mediatek MT6768 Helio G85,
earth_variant2,Xiaomi,Redmi 12C NFC,Mediatek MT6768 Helio G85,
earth_variant3,Xiaomi,POCO C55,Mediatek MT6768 Helio G85,
enchilada,OnePlus,6,Qualcomm SDM845 Snapdragon 845,
equuleus,Xiaomi,Mi 8 Pro,Qualcomm SDM845 Snapdragon 845,
espresso3g_variant1,Samsung,Galaxy Tab 2 7.0 (GSM),TI OMAP4430,
espresso3g_variant2,Samsung,Galaxy Tab 2 10.1 (GSM),TI OMAP4430,
espressowifi_variant1,Samsung,Galaxy Tab 2 7.0 (Wi-Fi / Wi-Fi + IR),TI OMAP4430,
espressowifi_variant2,Samsung,Galaxy Tab 2 10.1 (Wi-Fi / Wi-Fi + IR),TI OMAP4430,
ether,Nextbit,Robin,Qualcomm MSM8992 Snapdragon 808,
evert,Motorola,moto g6 plus,Qualcomm SDM630 Snapdragon 630,
f1f,OPPO,F1 (International),Qualcomm MSM8939 Snapdragon 615,
f400,LG,G3 (Korea),Qualcomm MSM8974AC Snapdragon 801,
f62_variant1,Samsung,Galaxy F62,Samsung Exynos 9825,
f62_variant2,Samsung,Galaxy M62,Samsung Exynos 9825,
fajita,OnePlus,6T,Qualcomm SDM845 Snapdragon 845,
falcon,Motorola,moto g,Qualcomm MSM8226 Snapdragon 400,
felix,Google,Pixel Fold,Google Tensor GS201,
figo,Huawei,P Smart,HiSilicon Kirin 659,
find7_variant1,OPPO,Find 7a,"[Qualcomm MSM8974AB Snapdragon 801, Qualcomm MSM8974AC Snapdragon 801]",
find7_variant2,OPPO,Find 7s,"[Qualcomm MSM8974AB Snapdragon 801, Qualcomm MSM8974AC Snapdragon 801]",
flame,Google,Pixel 4,Qualcomm SM8150 Snapdragon 855,
flo,Google,"Nexus 7 (Wi-Fi, 2013 version)",Qualcomm MSM8960T Snapdragon S4 Pro,
flounder,Google,Nexus 9 (Wi-Fi),NVIDIA Tegra K1 (T124),
flounder_lte,Google,Nexus 9 (LTE),NVIDIA Tegra K1 (T124),
flox,Google,"Nexus 7 2013 (Wi-Fi, Repartitioned)",Qualcomm MSM8960T Snapdragon S4 Pro,
foster_tab_variant1,NVIDIA,Shield TV (2015 / 2015 Pro / 2017 / 2019 Pro) [Tablet],NVIDIA Tegra X1 (T210),
foster_tab_variant2,NVIDIA,Jetson TX1 [Tablet],NVIDIA Tegra X1 (T210),
foster_variant1,NVIDIA,Shield TV (2015 / 2015 Pro / 2017 / 2019 Pro) [Android TV],NVIDIA Tegra X1 (T210),
foster_variant2,NVIDIA,Jetson TX1 [Android TV],NVIDIA Tegra X1 (T210),
fugu,Google,Nexus Player,Intel Atom Z3560,
g2m,LG,G2 Mini,Qualcomm MSM8226 Snapdragon 400,
gauguin_variant1,Xiaomi,Mi 10T Lite 5G,Qualcomm SM7225 Snapdragon 750G 5G,
gauguin_variant2,Xiaomi,Mi 10i 5G,Qualcomm SM7225 Snapdragon 750G 5G,
gauguin_variant3,Xiaomi,Redmi Note 9 Pro 5G,Qualcomm SM7225 Snapdragon 750G 5G,
gemini,Xiaomi,Mi 5,Qualcomm MSM8996 Snapdragon 820,
ghost,Motorola,moto x,Qualcomm MSM8960DT Snapdragon S4 Pro,
ginkgo_variant1,Xiaomi,Redmi Note 8,Qualcomm SDM665 Snapdragon 665,
ginkgo_variant2,Xiaomi,Redmi Note 8T,Qualcomm SDM665 Snapdragon 665,
gohan,BQ,Aquaris X5 Plus,Qualcomm MSM8976 Snapdragon 652,
griffin,Motorola,moto z,Qualcomm MSM8996 Snapdragon 820,
grus,Xiaomi,Mi 9 SE,Qualcomm SDM712 Snapdragon 712,
gta4l,Samsung,Galaxy Tab A7 10.4 2020 (LTE),Qualcomm SM6115 Snapdragon 662,
gta4lwifi,Samsung,Galaxy Tab A7 10.4 2020 (Wi-Fi),Qualcomm SM6115 Snapdragon 662,
gta4xl,Samsung,Galaxy Tab S6 Lite (LTE),Samsung Exynos 9611,
gta4xlwifi,Samsung,Galaxy Tab S6 Lite (Wi-Fi),Samsung Exynos 9611,
gtelwifiue,Samsung,Galaxy Tab E 9.6 (WiFi),Qualcomm MSM8916 Snapdragon 410,
gtesqltespr,Samsung,Galaxy Tab E 8.0 LTE (Sprint),Qualcomm MSM8916 Snapdragon 410,
gtowifi,Samsung,Galaxy Tab A 8.0 (2019),Qualcomm SDM429 Snapdragon 429,
gts210ltexx,Samsung,Galaxy Tab S2 9.7 (LTE),Samsung Exynos 5433,
gts210vewifi,Samsung,Galaxy Tab S2 9.7 Wi-Fi (2016),Qualcomm MSM8976 Snapdragon 652,
gts210wifi,Samsung,Galaxy Tab S2 9.7 (Wi-Fi),Samsung Exynos 5433,
gts28vewifi,Samsung,Galaxy Tab S2 8.0 Wi-Fi (2016),Qualcomm MSM8976 Snapdragon 652,
gts4lv,Samsung,Galaxy Tab S5e (LTE),Qualcomm SDM670 Snapdragon 670,
gts4lvwifi,Samsung,Galaxy Tab S5e (Wi-Fi),Qualcomm SDM670 Snapdragon 670,
guacamole,OnePlus,7 Pro,Qualcomm SM8150 Snapdragon 855,
guacamoleb,OnePlus,7,Qualcomm SM8150 Snapdragon 855,
guamp_variant1,Motorola,moto g9,Qualcomm SM6115 Snapdragon 662,
guamp_variant2,Motorola,moto g9 play,Qualcomm SM6115 Snapdragon 662,
guamp_variant3,Lenovo,K12 Note,Qualcomm SM6115 Snapdragon 662,
h811,LG,G4 (T-Mobile),Qualcomm MSM8992 Snapdragon 808,
h815,LG,G4 (International),Qualcomm MSM8992 Snapdragon 808,
h830,LG,G5 (T-Mobile),Qualcomm MSM8996 Snapdragon 820,
h850,LG,G5 (International),Qualcomm MSM8996 Snapdragon 820,
h870,LG,G6 (EU Unlocked),Qualcomm MSM8996 Pro Snapdragon 821,
h872,LG,G6 (T-Mobile),Qualcomm MSM8996 Pro Snapdragon 821,
h910,LG,V20 (AT&T),Qualcomm MSM8996 Snapdragon 820,
h918,LG,V20 (T-Mobile),Qualcomm MSM8996 Snapdragon 820,
h932,LG,V30 (T-Mobile),Qualcomm MSM8998 Snapdragon 835,
h990,LG,V20 (Global),Qualcomm MSM8996 Snapdragon 820,
ha3g,Samsung,Galaxy Note 3 (International 3G),Samsung Exynos 5420,
ham,ZUK,Z1,Qualcomm MSM8974AC Snapdragon 801,
hammerhead,Google,Nexus 5,Qualcomm MSM8974 Snapdragon 800,
hannah,Motorola,moto e5 plus (XT1924-6/7/8),Qualcomm MSM8940 Snapdragon 435,
harpia,Motorola,moto g4 play,Qualcomm MSM8916 Snapdragon 410,
hawao,Motorola,moto g42,Qualcomm SM6225 Snapdragon 680 4G,
hayabusa,Sony,Xperia TX,Qualcomm MSM8260A Snapdragon S4,
haydn_variant1,Xiaomi,Mi 11i,Qualcomm SM8350 Snapdragon 888,
haydn_variant2,Xiaomi,Redmi K40 Pro,Qualcomm SM8350 Snapdragon 888,
haydn_variant3,Xiaomi,Redmi K40 Pro+,Qualcomm SM8350 Snapdragon 888,
haydn_variant4,Xiaomi,Mi 11X Pro,Qualcomm SM8350 Snapdragon 888,
heart,Lenovo,Z5 Pro GT,Qualcomm SM8150 Snapdragon 855,
hero2lte,Samsung,Galaxy S7 Edge,Samsung Exynos 8890,
herolte,Samsung,Galaxy S7,Samsung Exynos 8890,
hiae,HTC,One A9,Qualcomm MSM8952 Snapdragon 617,
himaul,HTC,One M9 (GSM),Qualcomm MSM8994 Snapdragon 810,
himawl,HTC,One M9 (Verizon),Qualcomm MSM8994 Snapdragon 810,
hlte,Samsung,Galaxy Note 3 LTE (N9005/P),Qualcomm MSM8974 Snapdragon 800,
hltechn,Samsung,Galaxy Note 3 LTE (N9008V),Qualcomm MSM8974 Snapdragon 800,
hltekor,Samsung,Galaxy Note 3 LTE (N900K/L/S),Qualcomm MSM8974 Snapdragon 800,
hltetmo,Samsung,Galaxy Note 3 LTE (N900T/V/W8),Qualcomm MSM8974 Snapdragon 800,
hotdog,OnePlus,7T Pro,Qualcomm SM8150-AC Snapdragon 855+,
hotdogb,OnePlus,7T,Qualcomm SM8150-AC Snapdragon 855+,
huashan,Sony,Xperia SP,Qualcomm MSM8960T Snapdragon S4 Pro,
husky,Google,Pixel 8 Pro,Google Tensor G3,
hydrogen,Xiaomi,Mi Max,Qualcomm MSM8956 Snapdragon 650,
i9100,Samsung,Galaxy S II,Samsung Exynos 4210,
i9300,Samsung,Galaxy S III (International),Samsung Exynos 4412,
i9305,Samsung,Galaxy S III (LTE / International),Samsung Exynos 4412,
ido_variant1,Xiaomi,Redmi 3,Qualcomm MSM8939v2 Snapdragon 616,
ido_variant2,Xiaomi,Redmi 3 Prime,Qualcomm MSM8939v2 Snapdragon 616,
ingot,Solana,Saga,Qualcomm SM8475 Snapdragon 8+ Gen1,
instantnoodle,OnePlus,8,Qualcomm SM8250 Snapdragon 865,
instantnoodlep,OnePlus,8 Pro,Qualcomm SM8250 Snapdragon 865,
ivy,Sony,Xperia Z3+,Qualcomm MSM8994 Snapdragon 810,
j7elte,Samsung,Galaxy J7 (2015),Samsung Exynos 7580,
jactivelte,Samsung,Galaxy S4 Active,Qualcomm APQ8064T Snapdragon 600,
jag3gds,LG,G3 S,Qualcomm MSM8926 Snapdragon 400,
jagnm,LG,G3 Beat,Qualcomm MSM8926 Snapdragon 400,
jalebi,YU,Yunique,Qualcomm MSM8916 Snapdragon 410,
jasmine,ZTE,AT&T Trek 2 HD,Qualcomm MSM8952 Snapdragon 617,
jasmine_sprout,Xiaomi,Mi A2,Qualcomm SDM660 Snapdragon 660,
jason,Xiaomi,Mi Note 3,Qualcomm SDM660 Snapdragon 660,
jflteatt,Samsung,Galaxy S4 (SGH-I337),Qualcomm APQ8064T Snapdragon 600,
jfltespr,Samsung,"Galaxy S4 (SCH-R970, SPH-L720)",Qualcomm APQ8064T Snapdragon 600,
jfltevzw,Samsung,Galaxy S4 (SCH-I545),Qualcomm APQ8064T Snapdragon 600,
jfltexx,Samsung,"Galaxy S4 (GT-I9505, SGH-I337M, SGH-M919/V)",Qualcomm APQ8064T Snapdragon 600,
jfvelte,Samsung,Galaxy S4 Value Edition (GT-I9515/L),Qualcomm APQ8064T Snapdragon 600,
joan_variant1,LG,V30 (Unlocked),Qualcomm MSM8998 Snapdragon 835,
joan_variant2,LG,V30 (T-Mobile),Qualcomm MSM8998 Snapdragon 835,
joan_variant3,LG,V30 (Other),Qualcomm MSM8998 Snapdragon 835,
judyln_variant1,LG,G7 ThinQ,Qualcomm SDM845 Snapdragon 845,
judyln_variant2,LG,G7+ ThinQ,Qualcomm SDM845 Snapdragon 845,
judyp,LG,V35 ThinQ,Qualcomm SDM845 Snapdragon 845,
judypn,LG,V40 ThinQ,Qualcomm SDM845 Snapdragon 845,
k3gxx,Samsung,Galaxy S5 (International 3G),Samsung Exynos 5422,
kane_variant1,Motorola,one vision,Samsung Exynos 9609,
kane_variant2,Motorola,p50,Samsung Exynos 9609,
karin,Sony,Xperia Z4 Tablet LTE,Qualcomm MSM8994 Snapdragon 810,
karin_windy,Sony,Xperia Z4 Tablet WiFi,Qualcomm MSM8994 Snapdragon 810,
kccat6,Samsung,Galaxy S5 Plus,Qualcomm APQ8084 Snapdragon 805,
kebab,OnePlus,8T,Qualcomm SM8250 Snapdragon 865,
kenzo,Xiaomi,Redmi Note 3,Qualcomm MSM8956 Snapdragon 650,
kiev_variant1,Motorola,moto g 5G,Qualcomm SM7225 Snapdragon 750G,
kiev_variant2,Motorola,moto one 5G ace,Qualcomm SM7225 Snapdragon 750G,
kingdom,Lenovo,Vibe Z2 Pro,Qualcomm MSM8974AC Snapdragon 801,
kipper,Wileyfox,Storm,Qualcomm MSM8939 Snapdragon 615,
kirin,Sony,Xperia 10,Qualcomm SDM630 Snapdragon 630,
kiwi,Huawei,Honor 5X,Qualcomm MSM8939v2 Snapdragon 616,
klimtwifi,Samsung,Galaxy Tab S 8.4 Wi-Fi,Samsung Exynos 5420,
klte,Samsung,Galaxy S5 LTE (G900F/M/R4/R7/T/T3/V/W8),Qualcomm MSM8974AC Snapdragon 801,
klteactivexx,Samsung,Galaxy S5 Active (G870F),Qualcomm MSM8974PRO Snapdragon 801,
klteaio,Samsung,Galaxy S5 LTE (G900AZ/S902L),Qualcomm MSM8974AC Snapdragon 801,
kltechn,Samsung,Galaxy S5 LTE (G9006V/8V),Qualcomm MSM8974AC Snapdragon 801,
kltechnduo,Samsung,Galaxy S5 LTE Duos (G9006W/8W),Qualcomm MSM8974AC Snapdragon 801,
klteduos,Samsung,Galaxy S5 LTE Duos (G900FD/MD),Qualcomm MSM8974AC Snapdragon 801,
kltedv,Samsung,Galaxy S5 LTE (G900I/P),Qualcomm MSM8974AC Snapdragon 801,
kltekdi,Samsung,Galaxy S5 LTE (SC-04F/SCL23),Qualcomm MSM8974AC Snapdragon 801,
kltekor,Samsung,Galaxy S5 LTE (G900K/L/S),Qualcomm MSM8974AC Snapdragon 801,
kltesprsports,Samsung,Galaxy S5 Sport,Qualcomm MSM8974AC Snapdragon 801,
ks01lte,Samsung,Galaxy S4 LTE-A (GT-I9506),Qualcomm MSM8974 Snapdragon 800,
kugo,Sony,Xperia X Compact,Qualcomm MSM8956 Snapdragon 650,
kuntao,Lenovo,P2,Qualcomm MSM8953 Snapdragon 625,
lake,Motorola,moto g7 plus,Qualcomm SDM636 Snapdragon 636,
lancelot,Xiaomi,Redmi 9,Mediatek MT6768 Helio G85,
land,Xiaomi,Redmi 3S / 3X,Qualcomm MSM8937 Snapdragon 430,
lavender,Xiaomi,Redmi Note 7,Qualcomm SDM660 Snapdragon 660,
lemonade,OnePlus,9,Qualcomm SM8350 Snapdragon 888,
lemonadep,OnePlus,9 Pro,Qualcomm SM8350 Snapdragon 888,
lemonades,OnePlus,9R,Qualcomm SM8250-AC Snapdragon 870,
lentislte,Samsung,Galaxy S5 LTE-A,Qualcomm APQ8084 Snapdragon 805,
lettuce,YU,Yuphoria,Qualcomm MSM8916 Snapdragon 410,
liber_variant1,Motorola,one fusion+,Qualcomm SM7150-AA Snapdragon 730,
liber_variant2,Motorola,one fusion+ (India),Qualcomm SM7150-AB Snapdragon 730G,
libra,Xiaomi,Mi 4c,Qualcomm MSM8992 Snapdragon 808,
lisa_variant1,Xiaomi,11 Lite 5G NE,Qualcomm SM7325 Snapdragon 778G 5G,
lisa_variant2,Xiaomi,11 Lite NE 5G,Qualcomm SM7325 Snapdragon 778G 5G,
lisa_variant3,Xiaomi,Mi 11 LE,Qualcomm SM7325 Snapdragon 778G 5G,
lithium,Xiaomi,Mi MIX,Qualcomm MSM8996 Pro Snapdragon 821,
lmi_variant1,Xiaomi,POCO F2 Pro,Qualcomm SM8250 Snapdragon 865,
lmi_variant2,Xiaomi,Redmi K30 Pro,Qualcomm SM8250 Snapdragon 865,
lmi_variant3,Xiaomi,Redmi K30 Pro Zoom Edition,Qualcomm SM8250 Snapdragon 865,
ls990,LG,G3 (Sprint),Qualcomm MSM8974AC Snapdragon 801,
ls997,LG,V20 (Sprint),Qualcomm MSM8996 Snapdragon 820,
lt02ltespr,Samsung,Galaxy Tab 3 7.0 LTE,Qualcomm MSM8930AB Snapdragon 400,
lt03lte,Samsung,Galaxy Note 10.1 2014 (LTE),Qualcomm MSM8974 Snapdragon 800,
lux,Motorola,moto x play,Qualcomm MSM8939 Snapdragon 615,
lynx,Google,Pixel 7a,Google Tensor GS201,
m20lte,Samsung,Galaxy M20,Samsung Exynos 7904,
m216,LG,K10,Qualcomm MSM8916 Snapdragon 410,
m5,Banana Pi,M5 (Android TV),Amlogic S905y3,
m52xq,Samsung,Galaxy M52 5G,Qualcomm SM7325 Snapdragon 778G 5G,
m5_tab,Banana Pi,M5 (Tablet),Amlogic S905y3,
m7,HTC,One (GSM),Qualcomm APQ8064T Snapdragon 600,
m7vzw,HTC,One (Verizon),Qualcomm APQ8064T Snapdragon 600,
m8,HTC,One (M8),Qualcomm MSM8974AB Snapdragon 801,
m8d,HTC,One (M8) Dual SIM,Qualcomm MSM8974AB Snapdragon 801,
maguro,Google,Galaxy Nexus GSM,TI OMAP4460,
mako,Google,Nexus 4,Qualcomm APQ8064 Snapdragon S4 Pro,
manta,Google,Nexus 10,Samsung Exynos 5250,
marlin,Google,Pixel XL,Qualcomm MSM8996 Pro Snapdragon 821,
mars,Xiaomi,Mi 11 Pro,Qualcomm SM8350 Snapdragon 888,
martini,OnePlus,9RT,Qualcomm SM8350 Snapdragon 888,
maserati,Motorola,DROID 4,TI OMAP4430,
mata,Essential,PH-1,Qualcomm MSM8998 Snapdragon 835,
mdarcy,NVIDIA,Shield TV 2019 Pro [Android TV],NVIDIA Tegra X1+ (T210b01),
mdarcy_tab,NVIDIA,Shield TV 2019 Pro [Tablet],NVIDIA Tegra X1+ (T210b01),
merlin,Motorola,moto g3 turbo,Qualcomm MSM8939 Snapdragon 615,
merlinx,Xiaomi,Redmi Note 9,Mediatek MT6768 Helio G85,
mermaid,Sony,Xperia 10 Plus,Qualcomm SDM636 Snapdragon 636,
messi,Motorola,moto z3,Qualcomm MSM8998 Snapdragon 835,
mh2lm_variant1,LG,G8X ThinQ (G850EM/EMW),Qualcomm SM8150 Snapdragon 855,
mh2lm_variant2,LG,G8X ThinQ (G850QM/UM),Qualcomm SM8150 Snapdragon 855,
mh2lm_variant3,LG,V50S ThinQ,Qualcomm SM8150 Snapdragon 855,
miatoll_variant1,Xiaomi,POCO M2 Pro,Qualcomm SM7125 Snapdragon 720G,
miatoll_variant2,Xiaomi,Redmi Note 9S,Qualcomm SM7125 Snapdragon 720G,
miatoll_variant3,Xiaomi,Redmi Note 9 Pro (Global),Qualcomm SM7125 Snapdragon 720G,
miatoll_variant4,Xiaomi,Redmi Note 9 Pro (India),Qualcomm SM7125 Snapdragon 720G,
miatoll_variant5,Xiaomi,Redmi Note 9 Pro Max,Qualcomm SM7125 Snapdragon 720G,
miatoll_variant6,Xiaomi,Redmi Note 10 Lite,Qualcomm SM7125 Snapdragon 720G,
mido,Xiaomi,Redmi Note 4,Qualcomm MSM8953 Snapdragon 625,
mint,Sony,Xperia T,Qualcomm MSM8260A Snapdragon S4,
mondrianwifi,Samsung,Galaxy Tab Pro 8.4,Qualcomm MSM8974 Snapdragon 800,
monet,Xiaomi,Mi 10 Lite 5G,Qualcomm SM7250 Snapdragon 765G,
montana,Motorola,moto g5s,Qualcomm MSM8937 Snapdragon 430,
ms013g,Samsung,Galaxy Grand 2 Duos,Qualcomm MSM8226 Snapdragon 400,
mt2,Huawei,Ascend Mate 2 4G,Qualcomm MSM8928 Snapdragon 400,
n1awifi,Samsung,Galaxy Note 10.1 Wi-Fi (2014),Samsung Exynos 5420,
n2awifi,Samsung,Galaxy Tab PRO 10.1,Samsung Exynos 5420,
n3,OPPO,N3,Qualcomm MSM8974AC Snapdragon 801,
n5100,Samsung,Galaxy Note 8.0 (GSM),Samsung Exynos 4412,
n5110,Samsung,Galaxy Note 8.0 (Wi-Fi),Samsung Exynos 4412,
n5120,Samsung,Galaxy Note 8.0 (LTE),Samsung Exynos 4412,
nairo_variant1,Motorola,moto g 5G plus,Qualcomm SM7250 Snapdragon 765G,
nairo_variant2,Motorola,moto one 5G,Qualcomm SM7250 Snapdragon 765G,
nash_variant1,Motorola,moto z2 force,Qualcomm MSM8998 Snapdragon 835,
nash_variant2,Motorola,moto z (2018),Qualcomm MSM8998 Snapdragon 835,
natrium,Xiaomi,Mi 5s Plus,Qualcomm MSM8996 Pro Snapdragon 821,
nicki,Sony,Xperia M,Qualcomm MSM8227 Snapdragon S4 Plus,
nio_variant1,Motorola,edge s,Qualcomm SM8250-AC Snapdragon 870,
nio_variant2,Motorola,moto g100,Qualcomm SM8250-AC Snapdragon 870,
nx512j,Nubia,Z9 Max,Qualcomm MSM8939 Snapdragon 615,
nx563j,Nubia,Z17,Qualcomm MSM8998 Snapdragon 835,
nx606j,Nubia,Z18,Qualcomm SDM845 Snapdragon 845,
nx609j,Nubia,Red Magic,Qualcomm MSM8998 Snapdragon 835,
nx611j,Nubia,Z18 Mini,Qualcomm SDM660 Snapdragon 660,
nx619j,Nubia,Red Magic Mars,Qualcomm SDM845 Snapdragon 845,
nx651j_variant1,Nubia,Play 5G,Qualcomm SM7250 Snapdragon 765G,
nx651j_variant2,Nubia,Red Magic 5G Lite,Qualcomm SM7250 Snapdragon 765G,
nx659j_variant1,Nubia,Red Magic 5G (Global),Qualcomm SM8250 Snapdragon 865,
nx659j_variant2,Nubia,Red Magic 5G (China),Qualcomm SM8250 Snapdragon 865,
nx659j_variant3,Nubia,Red Magic 5S (Global),Qualcomm SM8250 Snapdragon 865,
nx659j_variant4,Nubia,Red Magic 5S (China),Qualcomm SM8250 Snapdragon 865,
nx_tab_variant1,Nintendo,Switch v1 [Tablet],NVIDIA Tegra X1 (T210),
nx_tab_variant2,Nintendo,Switch v2 [Tablet],NVIDIA Tegra X1+ (T210b01),
nx_tab_variant3,Nintendo,Switch Lite [Tablet],NVIDIA Tegra X1+ (T210b01),
nx_tab_variant4,Nintendo,Switch OLED [Tablet],NVIDIA Tegra X1+ (T210b01),
nx_variant1,Nintendo,Switch v1 [Android TV],NVIDIA Tegra X1 (T210),
nx_variant2,Nintendo,Switch v2 [Android TV],NVIDIA Tegra X1+ (T210b01),
nx_variant3,Nintendo,Switch Lite [Android TV],NVIDIA Tegra X1+ (T210b01),
nx_variant4,Nintendo,Switch OLED [Android TV],NVIDIA Tegra X1+ (T210b01),
obiwan,ASUS,ROG Phone 3,Qualcomm SM8250-AB Snapdragon 865+,
ocean,Motorola,moto g7 power,Qualcomm SDM632 Snapdragon 632,
odin,Sony,Xperia ZL,Qualcomm APQ8064 Snapdragon S4 Pro,
odroidc4,HardKernel,ODROID-C4 (Android TV),Amlogic S905y3,
odroidc4_tab,HardKernel,ODROID-C4 (Tablet),Amlogic S905y3,
onclite_variant1,Xiaomi,Redmi 7,Qualcomm SDM632 Snapdragon 632,
onclite_variant2,Xiaomi,Redmi Y3,Qualcomm SDM632 Snapdragon 632,
oneplus2,OnePlus,2,Qualcomm MSM8994 Snapdragon 810,
oneplus3_variant1,OnePlus,3,Qualcomm MSM8996 Snapdragon 820,
oneplus3_variant2,OnePlus,3T,Qualcomm MSM8996 Pro Snapdragon 821,
onyx,OnePlus,X,Qualcomm MSM8974AC Snapdragon 801,
oriole,Google,Pixel 6,Google Tensor GS101,
oscar_variant1,Realme,9 Pro 5G,Qualcomm SM6375 Snapdragon 695,
oscar_variant2,Realme,9 5G,Qualcomm SM6375 Snapdragon 695,
oscar_variant3,Realme,Q5,Qualcomm SM6375 Snapdragon 695,
osprey,Motorola,moto g (2015),Qualcomm MSM8916 Snapdragon 410,
otus,Motorola,moto e (2015),Qualcomm MSM8212 Snapdragon 200,
paella,BQ,Aquaris X5,Qualcomm MSM8916T Snapdragon 412,
panther,Google,Pixel 7,Google Tensor GS201,
parker,Motorola,one zoom,Qualcomm SM6150 Snapdragon 675,
payton,Motorola,moto x4,Qualcomm SDM630 Snapdragon 630,
pdx203,Sony,Xperia 1 II,Qualcomm SM8250 Snapdragon 865,
pdx206,Sony,Xperia 5 II,Qualcomm SM8250 Snapdragon 865,
pdx214,Sony,Xperia 5 III,Qualcomm SM8350 Snapdragon 888,
pdx215,Sony,Xperia 1 III,Qualcomm SM8350 Snapdragon 888,
pdx234,Sony,Xperia 1 V,Qualcomm SM8550 Snapdragon 8 Gen2,
peach,ARK,Benefit A3,Qualcomm MSM8916 Snapdragon 410,
peregrine,Motorola,moto g 4G,Qualcomm MSM8926 Snapdragon 400,
perseus,Xiaomi,Mi MIX 3,Qualcomm SDM845 Snapdragon 845,
piccolo,BQ,Aquaris M5,Qualcomm MSM8939 Snapdragon 615,
pioneer,Sony,Xperia XA2,Qualcomm SDM630 Snapdragon 630,
platina,Xiaomi,Mi 8 Lite,Qualcomm SDM660 Snapdragon 660,
pme,HTC,10,Qualcomm MSM8996 Snapdragon 820,
polaris,Xiaomi,Mi MIX 2S,Qualcomm SDM845 Snapdragon 845,
pollux,Sony,Xperia Tablet Z LTE,Qualcomm APQ8064 Snapdragon S4 Pro,
pollux_windy,Sony,Xperia Tablet Z Wi-Fi,Qualcomm APQ8064 Snapdragon S4 Pro,
porg_tab_variant1,NVIDIA,Jetson Nano [Tablet],NVIDIA Tegra X1 (T210),
porg_tab_variant2,NVIDIA,Jetson Nano 2GB [Tablet],NVIDIA Tegra X1 (T210),
porg_variant1,NVIDIA,Jetson Nano [Android TV],NVIDIA Tegra X1 (T210),
porg_variant2,NVIDIA,Jetson Nano 2GB [Android TV],NVIDIA Tegra X1 (T210),
pro1,F(x)tec,Pro¹,Qualcomm MSM8998 Snapdragon 835,
pro1x,F(x)tec,Pro¹ X,Qualcomm SM6115 Snapdragon 662,
pstar,Motorola,edge 20 pro,Qualcomm SM8250-AC Snapdragon 870,
pyxis_variant1,Xiaomi,Mi CC 9,Qualcomm SDM710 Snapdragon 710,
pyxis_variant2,Xiaomi,Mi 9 Lite,Qualcomm SDM710 Snapdragon 710,
quill_tab_variant1,NVIDIA,Jetson TX2 [Tablet],NVIDIA Tegra X2 (T186),
quill_tab_variant2,NVIDIA,Jetson TX2 NX [Tablet],NVIDIA Tegra X2 (T186),
quill_variant1,NVIDIA,Jetson TX2 [Android TV],NVIDIA Tegra X2 (T186),
quill_variant2,NVIDIA,Jetson TX2 NX [Android TV],NVIDIA Tegra X2 (T186),
r5_variant1,OPPO,R5 (International),Qualcomm MSM8939 Snapdragon 615,
r5_variant2,OPPO,R5s (International),Qualcomm MSM8939 Snapdragon 615,
r7plus,OPPO,R7 Plus (International),Qualcomm MSM8939 Snapdragon 615,
r7sf,OPPO,R7s (International),Qualcomm MSM8939 Snapdragon 615,
r8q_variant1,Samsung,Galaxy S20 FE,Qualcomm SM8250 Snapdragon 865,
r8q_variant2,Samsung,Galaxy S20 FE 5G,Qualcomm SM8250 Snapdragon 865,
racer,Motorola,edge,Qualcomm SM7250 Snapdragon 765G,
radxa0,Radxa,Zero (Android TV),Amlogic S905y2,
radxa0_tab,Radxa,Zero (Tablet),Amlogic S905y2,
raven,Google,Pixel 6 Pro,Google Tensor GS101,
redfin,Google,Pixel 5,Qualcomm SM7250 Snapdragon 765G,
renoir,Xiaomi,Mi 11 Lite 5G,Qualcomm SM7350-AB Snapdragon 780G 5G,
rhannah,Motorola,moto e5 plus (XT1924-1/2/4/5),Qualcomm MSM8917 Snapdragon 425,
rhode,Motorola,moto g52,Qualcomm SM6225 Snapdragon 680 4G,
river,Motorola,moto g7,Qualcomm SDM632 Snapdragon 632,
rosemary_variant1,Xiaomi,Redmi Note 10S,Mediatek MT6785 Helio G95,
rosemary_variant2,Xiaomi,Redmi Note 10S NFC,Mediatek MT6785 Helio G95,
rosemary_variant3,Xiaomi,Redmi Note 10S Latin America,Mediatek MT6785 Helio G95,
rosemary_variant4,Xiaomi,POCO M5s,Mediatek MT6785 Helio G95,
roth,NVIDIA,Shield Portable,NVIDIA Tegra 4 (T114),
rs988,LG,G5 (US Unlocked),Qualcomm MSM8996 Snapdragon 820,
rtwo_variant1,Motorola,edge 40 pro,Qualcomm SM8550 Snapdragon 8 Gen2,
rtwo_variant2,Motorola,moto X40,Qualcomm SM8550 Snapdragon 8 Gen2,
rtwo_variant3,Motorola,edge+ (2023),Qualcomm SM8550 Snapdragon 8 Gen2,
s2,LeEco,Le 2,Qualcomm MSM8976 Snapdragon 652,
s3ve3gds,Samsung,Galaxy S III Neo (Dual SIM),Qualcomm MSM8226 Snapdragon 400,
s3ve3gjv,Samsung,Galaxy S III Neo (Samsung Camera),Qualcomm MSM8226 Snapdragon 400,
s3ve3gxx,Samsung,Galaxy S III Neo (Sony Camera),Qualcomm MSM8226 Snapdragon 400,
s5neolte,Samsung,Galaxy S5 Neo,Samsung Exynos 7580,
sabrina,Google,Chromecast with Google TV (4K),Amlogic S905D3G,
sagit,Xiaomi,Mi 6,Qualcomm MSM8998 Snapdragon 835,
sailfish,Google,Pixel,Qualcomm MSM8996 Pro Snapdragon 821,
sake,ASUS,ZenFone 8,Qualcomm SM8350 Snapdragon 888,
salami,OnePlus,11 5G,Qualcomm SM8550 Snapdragon 8 Gen2,
santoni,Xiaomi,Redmi 4(X),Qualcomm MSM8940 Snapdragon 435,
sargo,Google,Pixel 3a,Qualcomm SDM670 Snapdragon 670,
scorpio,Xiaomi,Mi Note 2,Qualcomm MSM8996 Pro Snapdragon 821,
seed,Google,Android One 2nd Gen,Qualcomm MSM8916 Snapdragon 410,
serrano3gxx,Samsung,Galaxy S4 Mini (International 3G),Qualcomm MSM8930AB Snapdragon 400,
serranodsdd,Samsung,Galaxy S4 Mini (International Dual SIM),Qualcomm MSM8930AB Snapdragon 400,
serranoltexx,Samsung,Galaxy S4 Mini (International LTE),Qualcomm MSM8930AB Snapdragon 400,
shamu,Google,Nexus 6,Qualcomm APQ8084 Snapdragon 805,
shiba,Google,Pixel 8,Google Tensor G3,
shieldtablet,NVIDIA,Shield Tablet,NVIDIA Tegra K1 (T124),
sif,NVIDIA,Shield TV (2019) [Android TV],NVIDIA Tegra X1+ (T210b01),
sirius,Sony,Xperia Z2,Qualcomm MSM8974AB Snapdragon 801,
spyder_variant1,Motorola,DROID RAZR (CDMA),TI OMAP4430,
spyder_variant2,Motorola,DROID RAZR MAXX (CDMA),TI OMAP4430,
star2lte,Samsung,Galaxy S9+,Samsung Exynos 9810,
starlte,Samsung,Galaxy S9,Samsung Exynos 9810,
sumire,Sony,Xperia Z5,Qualcomm MSM8994 Snapdragon 810,
sunfish,Google,Pixel 4a,Qualcomm SM7150-AB Snapdragon 730G,
surnia,Motorola,moto e LTE (2015),Qualcomm MSM8916 Snapdragon 410,
surya,Xiaomi,POCO X3 NFC,Qualcomm SM7150-AC Snapdragon 732G,
suzu,Sony,Xperia X,Qualcomm MSM8956 Snapdragon 650,
suzuran,Sony,Xperia Z5 Compact,Qualcomm MSM8994 Snapdragon 810,
sweet_variant1,Xiaomi,Redmi Note 10 Pro,Qualcomm SM7150-AC Snapdragon 732G,
sweet_variant2,Xiaomi,Redmi Note 10 Pro (India),Qualcomm SM7150-AC Snapdragon 732G,
sweet_variant3,Xiaomi,Redmi Note 10 Pro Max (India),Qualcomm SM7150-AC Snapdragon 732G,
t0lte,Samsung,Galaxy Note 2 (LTE),Samsung Exynos 4412,
t6,HTC,One Max (GSM),Qualcomm APQ8064T Snapdragon 600,
t6vzw,HTC,One Max (Verizon),Qualcomm APQ8064T Snapdragon 600,
taimen,Google,Pixel 2 XL,Qualcomm SDM835 Snapdragon 835,
tangorpro,Google,Pixel Tablet,Google Tensor GS201,
taoshan,Sony,Xperia L,Qualcomm MSM8230 Snapdragon 400,
targa,Motorola,DROID BIONIC,TI OMAP4430,
tenshi,BQ,Aquaris U Plus,Qualcomm MSM8937 Snapdragon 430,
thea,Motorola,moto g LTE (2014),Qualcomm MSM8926 Snapdragon 400,
tissot,Xiaomi,Mi A1,Qualcomm MSM8953 Snapdragon 625,
titan,Motorola,moto g (2014),Qualcomm MSM8226 Snapdragon 400,
tomato_variant1,YU,Yureka,Qualcomm MSM8939 Snapdragon 615,
tomato_variant2,YU,Yureka Plus,Qualcomm MSM8939 Snapdragon 615,
toro,Google,Galaxy Nexus LTE (Verizon),TI OMAP4460,
toroplus,Google,Galaxy Nexus LTE (Sprint),TI OMAP4460,
troika,Motorola,one action,Samsung Exynos 9609,
tsubasa,Sony,Xperia V,Qualcomm MSM8960 Snapdragon S4,
tulip,ZTE,Axon 7 Mini,Qualcomm MSM8952 Snapdragon 617,
twolip,Xiaomi,Redmi Note 6 Pro,Qualcomm SDM636 Snapdragon 636,
umi,Xiaomi,Mi 10,Qualcomm SM8250 Snapdragon 865,
umts_spyder_variant1,Motorola,DROID RAZR (GSM),TI OMAP4430,
umts_spyder_variant2,Motorola,DROID RAZR MAXX (GSM),TI OMAP4430,
ursa,Xiaomi,Mi 8 Explorer Edition,Qualcomm SDM845 Snapdragon 845,
us996,LG,V20 (GSM Unlocked),Qualcomm MSM8996 Snapdragon 820,
us996d,LG,V20 (GSM Unlocked - DirtySanta),Qualcomm MSM8996 Snapdragon 820,
us997,LG,G6 (US Unlocked),Qualcomm MSM8996 Pro Snapdragon 821,
v1awifi,Samsung,Galaxy Note Pro 12.2 Wi-Fi,Samsung Exynos 5420,
v400,LG,G Pad 7.0 WiFi,Qualcomm MSM8226 Snapdragon 400,
v410,LG,G Pad 7.0 (LTE),Qualcomm MSM8226 Snapdragon 400,
v480,LG,G Pad 8.0 (Wi-Fi),Qualcomm MSM8226 Snapdragon 400,
v500,LG,G Pad 8.3,Qualcomm APQ8064T Snapdragon 600,
v521,LG,G Pad X (T-Mobile),Qualcomm MSM8952 Snapdragon 617,
vayu,Xiaomi,POCO X3 Pro,Qualcomm SM8150-AC Snapdragon 860,
vegetalte_variant1,BQ,Aquaris E5 4G,Qualcomm MSM8916 Snapdragon 410,
vegetalte_variant2,BQ,Aquaris E5s,Qualcomm MSM8916T Snapdragon 412,
vela,Xiaomi,Mi CC9 Meitu Edition,Qualcomm SDM710 Snapdragon 710,
victara,Motorola,moto x (2014),Qualcomm MSM8974AC Snapdragon 801,
violet,Xiaomi,Redmi Note 7 Pro,Qualcomm SM6150 Snapdragon 675,
voyager,Sony,Xperia XA2 Plus,Qualcomm SDM630 Snapdragon 630,
vs985,LG,G3 (Verizon),Qualcomm MSM8974AC Snapdragon 801,
vs995,LG,V20 (Verizon),Qualcomm MSM8996 Snapdragon 820,
w5,LG,Optimus L70,Qualcomm MSM8210 Snapdragon 200,
w7,LG,L90,Qualcomm MSM8226 Snapdragon 400,
wade,Dynalink,TV Box 4K (2021),Amlogic S905x2,
walleye,Google,Pixel 2,Qualcomm SDM835 Snapdragon 835,
wayne,Xiaomi,Mi 6X,Qualcomm SDM660 Snapdragon 660,
whyred,Xiaomi,Redmi Note 5 Pro,Qualcomm SDM636 Snapdragon 636,
wt88047,Wingtech,Redmi 2,Qualcomm MSM8916 Snapdragon 410,
x2,LeEco,Le Max2,Qualcomm MSM8996 Snapdragon 820,
xmsirius,Xiaomi,Mi 8 SE,Qualcomm SDM710 Snapdragon 710,
xpeng_variant1,Motorola,moto g200 5G,Qualcomm SM8350-AC Snapdragon 888+,
xpeng_variant2,Motorola,Edge S30,Qualcomm SM8350-AC Snapdragon 888+,
xt897,Motorola,PHOTON Q 4G LTE,Qualcomm MSM8960 Snapdragon S4 Plus,
xz2c,Sony,Xperia XZ2 Compact,Qualcomm SDM845 Snapdragon 845,
yuga,Sony,Xperia Z,Qualcomm APQ8064 Snapdragon S4 Pro,
z2_plus,ZUK,Z2 Plus,Qualcomm MSM8996 Snapdragon 820,
z3,Sony,Xperia Z3,Qualcomm MSM8974AC Snapdragon 801,
z3c,Sony,Xperia Z3 Compact,Qualcomm MSM8974AC Snapdragon 801,
zangya,BQ,Aquaris X2,Qualcomm SDM636 Snapdragon 636,
zangyapro,BQ,Aquaris X2 Pro,Qualcomm SDM660 Snapdragon 660,
zenfone3,ASUS,Zenfone 3,Qualcomm MSM8953 Snapdragon 625,
zerofltexx,Samsung,Galaxy S6,Samsung Exynos 7420,
zeroltexx,Samsung,Galaxy S6 Edge,Samsung Exynos 7420,
zippo,Lenovo,Z6 Pro,Qualcomm SM8150 Snapdragon 855,
zl1_variant1,LeEco,Le Pro3,Qualcomm MSM8996 Pro Snapdragon 821,
zl1_variant2,LeEco,Le Pro3 Elite,Qualcomm MSM8996 Snapdragon 820,
