Retail Branding,Marketing Name,Device,Model
,,AD681H,Smartfren Andromax AD681H
,,FJL21,FJL21
,,hws7721g,MediaPad 7 Youth 2
1&1,1&1 Puck,diw362_1u1,DIW362P 1U1
1&1,1&1 TV BOX,DIW377-1u1,DIW377 1u1
1&1,1&1 TV Box,diw387_1u1,DIW387 1U1
1&1,AEOP525,AEOP525,AEOP525
1&1,DIW387-1&1,diw387_1u1,DIW387 1U1
10.or,10or_G2,G2,10or G2
10.or,D,10or_D,D
10.or,E,E,E
10.or,G,G,G
10.or,G2,G2,G2
10.or,TCL 60 XE NXTPAPER 5G,Sunrise_CAN,T705J
1XBET,1XPHONE,1XBET_1XPHONE,1XPHONE
2E (ERC),2E 2K Google TV,capitolhill,2E 2K Google TV
2E (ERC),2E 4K Google TV,keoneae,2E 4K Google TV
3222222 Satelital,G706,G706,G706
3ATech,T10-8128,T10-8128,T10-8128
3BBTV,3BBTV,S3000,S3000-T0C08
3BBTV,TBBTV01,TBBTV01,TBBTV01
3Go,GT10K3IPS,GT10K3IPS,GT10K3IPS
3Go,GT70053G,GT70053G,GT70053G
3Go,GT7007EQC,GT7007EQC,GT7007EQC
3Q,OC1020A,OC1020A,OC1020A
3Rtablet,VT-7A Pro,VT-7A_Pro,Rugged Tablet
3Rtablet,VT-7GA,VT-7GA,VT-7GA
3Rtablet,VT-7GE,VT-7GE,VT-7GE
3nStar,Nustar65,Nustar65,Nustar65
4good,4GOOD Light B100,4GOOD_Light_B100,Light B100
4good,A103,4GOOD_Light_A103,Light A103
4iG TV,4iG M391,m3918_4iG,4iG M391
4iG TV,Mini Box,m252_4iG,4iG DIW252V
5STAR,5Star_Note_5,5Star_Note_5,5Star_Note_5
5STAR,Note_1_Pro,Note_1_Pro,Note_1_Pro
7Eleven,IN265,IN265,IN265
7mobile,DRENA,DRENA,DRENA
7mobile,KAMBA,KAMBA,KAMBA
7mobile,Kamba 2,7mobile_Kamba_2,Kamba_2
7mobile,SWEGUE,SWEGUE,SWEGUE
7mobile,Swegue 2,Swegue_2,Swegue 2
8849,A101,A101,A101
8849,OB-A98,OB-A98,OB-A98
8849,OB-A99,OB-A99,OB-A99
8849,OB-P08,OB-P08,OB-P08
8849,OB-P10,OB-P10,OB-P10
8849,OB-P12,OB-P10,OB-P12
8849,TANK MINI 1,TANK_MINI_1,TANK MINI 1
8849,TANK X,TANK3,TANK X
8849,TANK2,TANK2,TANK2
8849,TANK2pro,TANK2PRO,TANK 2 PRO
8849,TANK3,TANK3,TANK 3
9mobile,DM_T901,DM_T901,DM_T901
A.O.I. ELECTRONICS FACTORY,A.O.I.,TR10CS1_11,TR10CS1
A1,A1 Alpha 20+,P671F60,A1 Alpha 20+
A1,A1 Bulgaria B866V2F02,A1_B866V2F02,B866V2F02
A1,A1 Hrvatska B866V2F02,A1_B866V2F02,B866V2F02
A1,A1 Smart N9,VFD720,VFD 720
A1,A1-Smart-Box-DV9161,DV9161-KBA,A1-Smart-Box-DV9161
A1,ADT-3,adt3,ADT-3
A1,Ai-ES1059,Ai-ES1059,Ai-ES1059
AAAmaze,Smart TV,alimos,AI PONT
AAAmaze,Smart TV,osaka,AI PONT
AAUW,M50,M50,M50
AAUW,M50_NEW,M50_NEW,M50_NEW
AAUW,M60_NEW,M60_NEW,M60_NEW
AAUW,T10,T10,T10
AAUW,T50_2023,T50_2023,T50_2023
AAUW,T60PRO,T60PRO_ROW,T60PRO_ROW
AAUW,T60Pro,T60Pro,T60Pro
AAUW,T60Pro_2023,T60Pro_2023,T60Pro_2023
AAUW,T90,T90,T90
AAUW,T_50,T_50,T_50
ABCTECH,PG11,PG11,PG11
ABCTECH,X20,X20,X20
ABCTECH,X20_Pro,X20_Pro,X20_Pro
ABCTECH,X5,X5,X5
ABIL,A8,A8,A8
ABILIA,MPM5,MPM5,MPMedium5
ABILIA,MPMedium5,MPMedium5,MPMedium5
ACD Computers,ACD-Tab-10S,ACD-Tab-10S,ACD-Tab-10S
ACE (Global),AS0124,BUZZ_5_Lite,BUZZ 5 Lite
ACE (Global),AS0224,BUZZ_5_Prime,BUZZ 5 Prime
ACE (Global),AS0324,BUZZ_5_Note,BUZZ 5 Note
ACE (Global),AS0623,BUZZ_4_Note,BUZZ 4 Note
ACE (Global),BUZZ 3,BUZZ_3,BUZZ 3
ACE (Global),BUZZ 3 Plus,BUZZ_3_Plus,BUZZ 3 Plus
ACE (Global),BUZZ 4,BUZZ_4,BUZZ 4
ACE (Global),BUZZ 4 Prime,BUZZ_4_Prime,BUZZ 4 Prime
ACE (Global),BUZZ 4 Ultra,BUZZ_4_Ultra,BUZZ 4 Ultra
ACE (Global),BUZZ 5 Ultra,BUZZ_5_Ultra,BUZZ 5 Ultra
ACE (Global),BUZZ 6 Flip,BUZZ_6_Flip,BUZZ 6 Flip
ACE (Global),BUZZ 6 Prime,BUZZ_6_Prime,BUZZ 6 Prime
ACE (Global),BUZZ 6 Prime PLUS,BUZZ_6_Prime_PLUS,BUZZ 6 Prime PLUS
ACE (Global),BUZZ 6 Pro PLUS,BUZZ_6_Pro_PLUS,BUZZ 6 Pro PLUS
ACE (Global),BUZZ 6 Ultra,BUZZ_6_Ultra,BUZZ 6 Ultra
ACE (Global),BUZZ 7 Lite,BUZZ_7_Lite,BUZZ 7 Lite
ACE (Global),BUZZ 7 Pro,BUZZ_7_Pro,BUZZ 7 Pro
ACE (Global),BUZZ 7 Ultra,BUZZ_7_Ultra,BUZZ 7 Ultra
ACE (Global),CLEVER 3,CLEVER_3,CLEVER 3
ACE (Global),URBAN 3,URBAN_3,URBAN 3
ACE (Global),URBAN 3 Plus,URBAN_3_PlusE,URBAN 3 Plus
ACE (Global),buzz 8 Note,buzz_8_Note,buzz 8 Note
ACE (Global),buzz 8 Prime Plus,buzz_8_Prime_Plus,buzz 8 Prime Plus
ACE France,AS0218,AS0218,BUZZ 1
ACE France,AS0518,AS0518,URBAN 1 Pro
ACE France,AS0618,AS0618,CLEVER 1
ACE France,BUZZ 2,BUZZ_2,BUZZ 2
ACE France,BUZZ 2,BUZZ_2_Plus,BUZZ 2 Plus
ACE France,BUZZ 3 Lite,BUZZ_3_Lite,BUZZ 3 Lite
ACE France,BUZZ 4Lite,BUZZ_4Lite,BUZZ 4Lite
ACE France,BUZZ 4Pro,BUZZ_4Pro,BUZZ 4Pro
ACE France,BUZZ 4S,BUZZ_4S,BUZZ 4S
ACE France,BUZZ 5 Pro,BUZZ_5_Pro,BUZZ 5 Pro
ACE France,BUZZ 5 Pro PLUS,BUZZ_5_Pro_PLUS,BUZZ 5 Pro PLUS
ACE France,BUZZ 6 Pro,BUZZ_6_Pro,BUZZ 6 Pro
ACE France,BUZZ 7 GT,BUZZ_7_GT,BUZZ 7 GT
ACE France,BUZZ 7 Note,BUZZ_7_Note,BUZZ 7 Note
ACE France,BUZZ 7 Prime,BUZZ_7_Prime,BUZZ 7 Prime
ACE France,BUZZ 7 Prime PLUS,BUZZ_7_Prime_PLUS,BUZZ 7 Prime PLUS
ACE France,BUZZ_1_Lite,BUZZ_1_Lite,BUZZ 1 Lite
ACE France,BUZZ_1_Plus,BUZZ_1_Plus,BUZZ 1 Plus
ACE France,BUZZ_3E,BUZZ_3E,BUZZ 3
ACE France,URBAN 1,URBAN_1,URBAN 1
ACE France,URBAN 2,URBAN_2,URBAN 2
ACE France,URBAN 3,URBAN_3E,URBAN 3
ACE France,buzz 8 Lite,buzz_8_Lite,buzz 8 Lite
ACE France,buzz 8 Prime,buzz_8_Prime,buzz 8 Prime
ACE France,buzz 8 Pro,buzz_8_Pro,buzz 8 Pro
ACE France,buzz 8 Pro Plus,buzz_8_Pro_Plus,buzz 8 Pro Plus
ACE France,buzz Neo 5G,buzz_Neo_5G,buzz Neo 5G
ACER_ALTOS,ALTOS_EZA,ALTOS_EZA,ALTOS_EZA
ACER_ALTOS,ALTOS_EZAA,ALTOS_EZAA,ALTOS_EZAA
ACKEES,V10401,V10401,V10401
ACT,ACT4K1007,IPBox,ACT4K1007
ACT,ACT4K2020,HP40A,ACT4K2020
ACTECK,AC_934312,AC_934312,AC_934312
ADOC,ADOC  D18,ADOC_D18,ADOC D18
ADOC,ADOC EX650,rk3588_t,ADOCEX650
ADOC,ADOC TCAT10,ADOC_TCAT10,ADOC TCAT10
ADOC,Adoc_T20,Adoc_T20,Adoc_T20
ADOC,D30,D30,D30
ADOC,D40,D40,D40
ADOC,M3,M3,M3
ADTH,A-X25A3L1,A-X25A3L1,A-X25A3L1
ADVAN,ADVANNASAPro,ADVANNASAPro,ADVANNASAPro
ADVAN,ADVAN_SKETSA5,ADVAN_SKETSA5,1202
ADVAN,ADVAN_TAB_A10,ADVAN_TAB_A10,1013
ADVAN,ADVAN_TAB_A10,ADVAN_TAB_A10,A10
ADVAN,ADVAN_TAB_A10S,ADVAN_TAB_A10S,1013
ADVAN,ADVAN_V11,ADVAN_V11,ADVAN_V11
ADVAN,ADVAN_X1,ADVAN_X1,6781
ADVAN,NASA ONE,ADVAN_NASA_ONE,NASA ONE
ADVAN,S50,ADVAN_MACHA,S50
ADVAN,Sketsa3,ADVAN_SKETSA3,1013
ADVAN,TAB A8,ADVAN_TAB_A8,8004
ADVAN,VX NEO,ADVAN_VX_NEO,1013
ADVAN,VX_LITE,ADVAN_TAB_VX_LITE,1013
ADVANTOUCH,Android_EDLA_OPS,rk3588_t,EO1_RK3588_08128
AEEZO,TK701,TK701,TK701
AEEZO,TK701_EEA,TK701_EEA,TK701_EEA
AEEZO,TK801,TK801,TK801
AEEZO,TK806,TK806,TK806
AEEZO,TK806_EEA,TK806_EEA,TK806_EEA
AEEZO,TK809,TK809,TK809
AEEZO,TK809_EEA,TK809_EEA,TK809_EEA
AEEZO,TP1001,TP1001,TP1001
AEEZO,TP901,TP901,TP901
AFRICELL,S10,S10,afriphone S10
AG Mobile,AG BOOST 2,BOOST2,E4010
AG Mobile,AG Flair,AG_Flair,Flair
AG Mobile,AG Go Tab Access 2,AG_Go_Tab_Access_2,AG_Go_Tab_Access_2
AG Mobile,AG Ultra2,AG_Ultra2,Ultra 2
AG Mobile,AGM  H1,HSSDM450QC,AGM H1
AG Mobile,AGM A10,SHARKL5,AGM A10
AG Mobile,AGM A10,SHARKL5,Android
AG Mobile,AGM A9,HSSDM450QC,AGM A9
AG Mobile,AGM A9,HSSDM450QC,Android
AG Mobile,AGM X3,T91EUE1,AGM X3
AG Mobile,AGM_G3,AGM_G3,AGM_G3
AG Mobile,AG_Go-Tab_Access,md789hwag,AG Go-Tab Access
AG Mobile,AG_Tab_7_0,AG_Tab_7_0,AG_Tab_7_0
AG Mobile,Boost,Boost,Boost
AG Mobile,Chacer,Chacer,Chacer
AG Mobile,Freedom Access,Freedom_Access,Freedom Access
AG Mobile,Freedom E,Freedom_E,Freedom E
AG Mobile,Freedom Plus LTE,Freedom_Plus_LTE,Freedom Plus LTE
AG Mobile,Ghost,Ghost,Ghost
AG Mobile,Glow,Glow,Glow
AG Mobile,HASHTAG,Hashtag,Hashtag
AG Mobile,Hype,Hype,Hype
AG Mobile,Neon,Neon,Neon
AG Mobile,Quest,Quest,Quest
AG Mobile,Rage,Rage,Rage
AG Mobile,STYLE PLUS,STYLE_PLUS,STYLE_PLUS
AG Mobile,Shine,Shine,Shine
AG Mobile,Status,Status,Status
AG Mobile,Style,Style,Style
AG Mobile,Style_2,Style_2,Style 2
AG Mobile,Swift,Swift,Swift
AG Mobile,Swift_Plus,Swift_Plus,Swift_Plus
AG Mobile,ULTRA,Ultra,Ultra
AG Mobile,Zenith,Zenith,Zenith
AG Mobile,Zone,Zone,Zone
AG Mobile,Zoom,Zoom,Zoom
AGE (in),AGE,elliniko,4K SMART TV
AGE (in),AGE,zhongshan,43F
AGE (in),Age,stanford,40D
AGE (in),India,tamachi,AGE FHD Android TV
AGE (in),India,yeongdeungpo,AGE UHD Android TV
AGM Mobile,AGM Glory G1,AGM_Glory_G1,AGM Glory G1
AGM Mobile,AGM Glory_G1S,AGM_Glory_G1S_EU,AGM Glory_G1S
AGM Mobile,AGM Glory_G1S,AGM_Glory_G1S_RU,AGM Glory_G1S
AGM Mobile,AGM Glory_G1S,AGM_Glory_G1S_US,AGM Glory_G1S
AGM Mobile,AGM H3,AGM_H3,AGM_H3
AGM Mobile,AGM H5,AGM_H5,AGM_H5
AGM Mobile,AGM_G3,AGM_G3,AGM_G3
AGM Mobile,AGM_H5_PRO,AGM_H5_PRO,AGM_H5_PRO
AGM Mobile,AGM_H6,AGM_H6,AGM_H6
AGM Mobile,AGM_H_MAX,AGM_H_MAX,AGM_H_MAX
AGM Mobile,AGM_NOTE_N2,AGM_NOTE_N2,AGM_NOTE_N2
AGM Mobile,AGM_Note_N1,AGM_Note_N1,AGM_Note_N1
AGM Mobile,AGM_PAD_P1,AGM_PAD_P1,AGM_PAD_P1
AGM Mobile,AGM_PAD_P2,AGM_PAD_P2,AGM_PAD_P2
AGM Mobile,AGM_PAD_P2W_EEA,AGM_PAD_P2_ACTIVE,AGM_PAD_P2W
AGM Mobile,AGM_PAD_T1,AGM_PAD_T1,AGM_PAD_T1
AGM Mobile,AGM_PAD_T1_WIFI,AGM_PAD_T1_WIFI,AGM_PAD_T1
AGM Mobile,AGM_PAD_T2,AGM_PAD_T2,AGM_PAD_T2
AGM Mobile,AGM_PAD_T3,AGM_PAD_T3,AGM PAD T3
AGM Mobile,AGM_X6,AGM_X6_EEA,AGM_X6
AGM Mobile,AGM_X6,AGM_X6_ROW,AGM_X6
AGM Mobile,AGM_X6,AGM_X6_RU,AGM_X6
AGM Mobile,Android_Rugged,Android_Rugged,Android_Rugged
AGM Mobile,Android_Tablet,Android_Tablet,Android_Tablet
AGM Mobile,Android_Tough,Android_Tough,Android_Tough
AGM Mobile,Rugged_Tablet_A,Android_Tablet,Android_Tablet
AGNO,TAIG717A,TAIG717A,TA_G717
AGNeovo,AGNeovo,Meetboard4Prime,Meetboard4Prime
AG_Neovo,MeetBoard_4,MeetBoard_4,MeetBoard_4
AHA(A),AHA_IFPD,AHA_ULTRA_RK3576,Hybrid_8700
AHA(A),IFPD,AHA_ULTRA_RK3588,Hybrid_8600
AIDATA,ADT-R10TME,ADT-R10TME,ADT-R10TME
AIDATA,ADT1012L,ADT1012L,ADT1012L
AIDATA,ADT1061,ADT1061,ADT1061
AIDATA,ADT1061_1,ADT1061_1,ADT1061_1
AIDATA,ADT_1061,ADT_1061,ADT_1061
AIPLUS,AI+ Nova 1 5G,Nova_1_5G,AI+ Nova 1 5G
AIPLUS,AI+ Nova 2 5G,Nova_2_5G,AI+ Nova 2 5G
AIPLUS,AI+ Nova 2 Neo,Nova_2_Neo,AI+ Nova 2 Neo
AIPLUS,AI+ Nova 2 Pro,Nova_2_Pro,AI+ Nova 2 Pro
AIPLUS,AI+ Nova 2 Ultra,Nova_2_Ultra,AI+ Nova 2 Ultra
AIPLUS,AI+ NxtFlip 5G,NxtFlip_5G,AI+ NxtFlip 5G
AIPLUS,AI+ Pulse 1,Pulse_1,AI+ Pulse 1
AIPLUS,AI+ Pulse 2 4G,Pulse_2_4G,AI+ Pulse 2 4G
AIPLUS,Ai+NovaTab,AIPLUS_NovaTab_5G,AIXT2602
AIPLUS,Ai+PulseTab,AIPLUS_PulseTab,AIXT2601
AIS (Thailand),AISPLAYBOX,AISPLAYBOX,AISPLAYBOX
AIS (Thailand),AISPLAYBOX,B866V2-HA,AISPLAYBOX
AIS (Thailand),TBBTV01,TBBTV01,TBBTV01
AKOR,AKOR,TG1016,TG1016
AKOR,TG797,TG797,TG797
AKOR,TG996,TG996,TG996
AKUVOX,S567,S567,S567
AKUVOX,X937,X937,X937
ALBADEEL,AIP_X92,AIP_X92,AIP_X92
ALBADEEL,B725050U,samseong,AI PONT
ALBADEEL,B725U,ikebukuro,AI PONT
ALBADEEL,Smart TV,alimos,Albadeel Google TV
ALBADEEL,Smart TV,longshan,AI PONT
ALBADEEL,Smart TV,redwood,AI PONT
ALLNET,PrimeTwo,PrimeTwo,PrimeTwo
ALMATEEN,LXL43G7H-AT,samseong,AI PONT
ALPHAWOLF,A1,A1,A1
ALPHAWOLF,A2,A2,A2
ALPHAWOLF,L2,L2,L2
ALPHAWOLF,L2S,L2S,L2S
ALPHAWOLF,L3,L3,AR1
ALPHAWOLF,L3,L3,L3
ALPHAWOLF,L3A,L3A,L3A
ALPHAWOLF,P2,P2,P2
ALPHA_LING,A97GT,A97GT,A97GT
ALPHA_LING,A97GT_Pro,A97GT_Pro,A97GT_Pro
ALPHA_LING,P10SU_PLUS,P10SU_PLUS,P10SU_PLUS
ALPINE,INE-AX809,INE-AX809,INE-AX809
ALPINE,Intelligent vehicle network system,INE-AW409S,INE-AW409S
ALT(IN),L1,L1,L1
ALT(IN),Smart TV,osaka,AI PONT
ALT.mive,Kids Phone,odin,AT-M130
ALT.mive,Kids Phone 2,odin2,AT-M150
ALT.mive,Style Folder,thor,AT-M120
ALT.mive,Style Folder 2,thor2,AT-M140
ALTOP,ALTOP E board,AIEDLA,A SENSE
AMCON,Smart TV,alimos,AMCON Google TV
AMCON,Smart TV,dangni,AMCON Google TV
AMG-Smartphone,AMG_WR24,ASPWR24,ASPWR24
AMGx13e,ASPE2201,ASPE2201,ASPE2201
AMTC,MD1001 Tablet,MD1001,MD1001
AMTC,MD7008,MD7008A,MD7008
AMTC,MD7081,MD7081A,MD7081
AMobile,PD470,PD470,PD470
