model,csc,version,updated_at
SM-A015F,XSG,A015FXXS6CWG1,2023-07-01
SM-A015F,XFA,A015FXXS6CWG1,2023-07-01
SM-A015F,EGY,A015FXXS6CWG1,2023-07-01
SM-A015F,MID,A015FXXS6CWG1,2023-07-01
SM-A015F,THL,A015FXXS6CWG1,2023-07-01
SM-A015F,XME,A015FXXS6CWG1,2023-07-01
SM-A015F,SEK,A015FXXS6CWG1,2023-07-01
SM-A025F,XSG,A025FXXS8CYC3,2025-03-01
SM-A025F,XFA,A025FXXS8CYC3,2025-03-01
SM-A025F,EGY,A025FXXS8CYC3,2025-03-01
SM-A025F,ILO,A025FXXS8CXH1,2024-08-01
SM-A025F,MID,A025FXXS8CYC3,2025-03-01
SM-A025F,THL,A025FXXS8CYC3,2025-03-01
SM-A025F,XME,A025FXXS8CXH1,2024-08-01
SM-A025F,SEK,A025FXXS8CYC3,2025-03-01
SM-A032F,INS,A032FXXS9CZA1,2026-01-01
SM-A032F,XSG,A032FXXS9CZA2,2026-01-01
SM-A032F,XFA,A032FXXS9CZA2,2026-01-01
SM-A032F,EGY,A032FXXS9CZA2,2026-01-01
SM-A032F,MID,A032FXXS9CZA2,2026-01-01
SM-A032F,THL,A032FXXS9CZA1,2026-01-01
SM-A032F,SEK,A032FXXS9CZA1,2026-01-01
SM-A035F,INS,A035FXXS9CYG1,2025-07-01
SM-A035F,XSG,A035FXXS9CYG1,2025-07-01
SM-A035F,XFA,A035FXXS9CYG1,2025-07-01
SM-A035F,EGY,A035FXXS9CYG1,2025-07-01
SM-A035F,ILO,A035FXXS9CYG1,2025-07-01
SM-A035F,MID,A035FXXS9CYG1,2025-07-01
SM-A035F,THL,A035FXXS9CYG1,2025-07-01
SM-A035F,XME,A035FXXS9CYG1,2025-07-01
SM-A035F,SEK,A035FXXS9CYG1,2025-07-01
SM-A037F,INS,A037FXXS8CYE3,2025-05-01
SM-A037F,XSG,A037FXXS8CYE2,2025-05-01
SM-A037F,XFA,A037FXXS8CYE1,2025-05-01
SM-A037F,EGY,A037FXXS8CYE1,2025-05-01
SM-A037F,ILO,A037FXXS8CYE1,2025-05-01
SM-A037F,MID,A037FXXS8CYE1,2025-05-01
SM-A037F,THL,A037FXXS8CYE1,2025-05-01
SM-A037F,XME,A037FXXS8CYE1,2025-05-01
SM-A037F,SEK,A037FXXS8CYE1,2025-05-01
SM-A042F,INS,A042FXXSHEZH1,2026-08-01
SM-A042F,XSG,A042FXXSHEZH2,2026-08-01
SM-A042F,XFA,A042FXXSHEZH2,2026-08-01
SM-A042F,EGY,A042FXXSHEZH2,2026-08-01
SM-A042F,ILO,A042FXXSHEZH2,2026-08-01
SM-A042F,MID,A042FXXSHEZH2,2026-08-01
SM-A042F,THL,A042FXXSHEZH1,2026-08-01
SM-A042F,SEK,A042FXXSHEZH1,2026-08-01
SM-A045F,INS,A045FXXSGEZH2,2026-08-01
SM-A045F,XSG,A045FXXSGEZH2,2026-08-01
SM-A045F,XFA,A045FXXSGEZH2,2026-08-01
SM-A045F,EGY,A045FXXSGEZH2,2026-08-01
SM-A045F,ILO,A045FXXSGEZH2,2026-08-01
SM-A045F,MID,A045FXXSGEZH2,2026-08-01
SM-A045F,THL,A045FXXSGEZH2,2026-08-01
SM-A045F,XME,A045FXXSGEZH2,2026-08-01
SM-A045F,SEK,A045FXXSGEZH2,2026-08-01
SM-A047F,EUX,A047FXXSGEZH2,2026-08-01
SM-A047F,INS,A047FXXSGEZH2,2026-08-01
SM-A047F,XSG,A047FXXSGEZH2,2026-08-01
SM-A047F,XFA,A047FXXSGEZH2,2026-08-01
SM-A047F,EGY,A047FXXSGEZH2,2026-08-01
SM-A047F,MID,A047FXXSGEZH2,2026-08-01
SM-A047F,THL,A047FXXSGEZH2,2026-08-01
SM-A047F,XME,A047FXXSGEZH2,2026-08-01
SM-A047F,SEK,A047FXXSGEZH2,2026-08-01
SM-A047F,XSA,A047FXXSGEZH2,2026-08-01
SM-A055F,INS,A055FXXSHDZF1,2026-06-01
SM-A055F,XSG,A055FXXSHDZF1,2026-06-01
SM-A055F,XFA,A055FXXSHDZF1,2026-06-01
SM-A055F,EGY,A055FXXSHDZF1,2026-06-01
SM-A055F,ILO,A055FXXSHDZF1,2026-06-01
SM-A055F,MID,A055FXXSHDZF1,2026-06-01
SM-A055F,THL,A055FXXSHDZF1,2026-06-01
SM-A055F,XME,A055FXXSHDZF1,2026-06-01
SM-A055F,SEK,A055FXXSHDZF1,2026-06-01
SM-A057F,INS,A057FXXUFDZH2,2026-08-01
SM-A057F,XSG,A057FXXUFDZH2,2026-08-01
SM-A057F,XFA,A057FXXUFDZH2,2026-08-01
SM-A057F,EGY,A057FXXUFDZH2,2026-08-01
SM-A057F,ILO,A057FXXUFDZH2,2026-08-01
SM-A057F,MID,A057FXXUFDZH2,2026-08-01
SM-A057F,THL,A057FXXUFDZH2,2026-08-01
SM-A057F,XME,A057FXXUFDZH2,2026-08-01
SM-A057F,XSA,A057FXXUFDZH2,2026-08-01
SM-A065F,INS,A065FXXSDCZG2,2026-07-01
SM-A065F,XSG,A065FXXSDCZG2,2026-07-01
SM-A065F,XFA,A065FXXSDCZG2,2026-07-01
SM-A065F,EGY,A065FXXSDCZG2,2026-07-01
SM-A065F,ILO,A065FXXSDCZG2,2026-07-01
SM-A065F,MID,A065FXXSDCZG2,2026-07-01
SM-A065F,THL,A065FXXSDCZG2,2026-07-01
SM-A065F,XME,A065FXXSDCZG2,2026-07-01
SM-A065F,SEK,A065FXXSDCZG2,2026-07-01
SM-A066B,INS,A066BXXS7CZF2,2026-06-01
SM-A066B,XFA,A066BXXS7CZF2,2026-06-01
SM-A066B,THL,A066BXXS7CZF2,2026-06-01
SM-A066B,XME,A066BXXS7CZF2,2026-06-01
SM-A105F,INS,A105FDDS9CWB3,2023-02-01
SM-A105F,XSG,A105FDDS9CWD2,2023-04-01
SM-A105F,XFA,A105FDDS9CWD1,2023-04-01
SM-A105F,EGY,A105FDDS9CWD1,2023-04-01
SM-A105F,ILO,A105FDDS9CWD2,2023-04-01
SM-A105F,MID,A105FDDS9CWD1,2023-04-01
SM-A105F,SEK,A105FDDS9CWB2,2023-02-01
SM-A115F,XSG,A115FXXS6CWK2,2023-11-01
SM-A115F,XFA,A115FXXS6CWK2,2023-11-01
SM-A115F,EGY,A115FXXS6CWK2,2023-11-01
SM-A115F,ILO,A115FXXS6CWK2,2023-11-01
SM-A115F,MID,A115FXXS6CWK2,2023-11-01
SM-A115F,THL,A115FXXS6CWK2,2023-11-01
SM-A115F,XME,A115FXXS6CWK2,2023-11-01
SM-A115F,SEK,A115FXXS6CWK2,2023-11-01
SM-A115F,XSA,A115FXXS6CWK2,2023-11-01
SM-A125F,BTU,A125FXXS6CXJ5,2024-10-01
SM-A125F,DBT,A125FXXS6CXJ5,2024-10-01
SM-A125F,INS,A125FXXS6CXJ1,2024-10-01
SM-A125F,XSG,A125FXXS6CXJ5,2024-10-01
SM-A125F,XFA,A125FXXS6CXJ5,2024-10-01
SM-A125F,EGY,A125FXXS6CXJ5,2024-10-01
SM-A125F,ILO,A125FXXS6CXJ5,2024-10-01
SM-A125F,MID,A125FXXS6CXJ5,2024-10-01
SM-A125F,THL,A125FXXS6CXJ1,2024-10-01
SM-A125F,TGY,A125FZHS6CXJ1,2024-10-01
SM-A125F,XME,A125FXXS6CXJ1,2024-10-01
SM-A125F,SEK,A125FXXS6CXJ1,2024-10-01
SM-A125F,ITV,A125FXXS6CXJ5,2024-10-01
SM-A125F,PHN,A125FXXS6CXJ5,2024-10-01
SM-A125F,XSA,A125FXXS6CXJ1,2024-10-01
SM-A125F,AUT,A125FXXS6CXJ5,2024-10-01
SM-A135F,EUX,A135FXXSEEZB2,2026-02-01
SM-A135F,INS,A135FXXSEEZB2,2026-02-01
SM-A135F,XSG,A135FXXSEEZB2,2026-02-01
SM-A135F,XFA,A135FXXSEEZB2,2026-02-01
SM-A135F,EGY,A135FXXSEEZB2,2026-02-01
SM-A135F,ILO,A135FXXSEEZB2,2026-02-01
SM-A135F,MID,A135FXXSEEZB2,2026-02-01
SM-A135F,THL,A135FXXSEEZB2,2026-02-01
SM-A135F,XME,A135FXXSEEZB2,2026-02-01
SM-A135F,SEK,A135FXXSEEZB2,2026-02-01
SM-A135F,XSA,A135FXXSEEZE3,2026-05-01
SM-A137F,EUX,A137FXXSCEZB1,2026-02-01
SM-A137F,XSG,A137FXXSCEZB1,2026-02-01
SM-A137F,EGY,A137FXXSCEZB1,2026-02-01
SM-A137F,ILO,A137FXXSCEZB1,2026-02-01
SM-A137F,MID,A137FXXSCEZB1,2026-02-01
SM-A155F,EUX,A155FXXSBEZG1,2026-07-01
SM-A155F,XSG,A155FXXSBEZG1,2026-07-01
SM-A155F,XFA,A155FXXSBEZG1,2026-07-01
SM-A155F,EGY,A155FXXSBEZG1,2026-07-01
SM-A155F,ILO,A155FXXSBEZG1,2026-07-01
SM-A155F,MID,A155FXXSBEZG1,2026-07-01
SM-A155F,THL,A155FXXSBEZG1,2026-07-01
SM-A155F,XME,A155FXXSBEZG1,2026-07-01
SM-A156B,EUX,A156BXXSBEZG1,2026-07-01
SM-A166B,EUX,A166BXXSADZH1,2026-08-01
SM-A176B,EUX,A176BXXS7CZH2,2026-08-01
SM-A176B,INS,A176BXXS7CZH3,2026-08-01
SM-A176B,XSG,A176BXXS7CZH2,2026-08-01
SM-A176B,XFA,A176BXXS7CZH2,2026-08-01
SM-A176B,EGY,A176BXXS7CZH2,2026-08-01
SM-A176B,MID,A176BXXS7CZH2,2026-08-01
SM-A176B,THL,A176BXXS7CZH2,2026-08-01
SM-A176B,XME,A176BXXS7CZH2,2026-08-01
SM-A176B,XSA,A176BXXS6CZG7,2026-07-01
SM-A205F,INS,A205FXXSBCWC1,2023-03-01
SM-A205F,XSG,A205FXXSBCWC4,2023-03-01
SM-A205F,XFA,A205FXXSBCWC4,2023-03-01
SM-A205F,EGY,A205FXXSBCWC4,2023-03-01
SM-A205F,ILO,A205FXXSBCWC4,2023-03-01
SM-A205F,MID,A205FXXSBCWC4,2023-03-01
SM-A205F,THL,A205FXXSBCWC5,2023-03-01
SM-A205F,XME,A205FXXSBCWC5,2023-03-01
SM-A217F,BTU,A217FXXSCDXE2,2024-05-01
SM-A217F,DBT,A217FXXSCDXE2,2024-05-01
SM-A217F,INS,A217FXXSCDXE2,2024-05-01
SM-A217F,XSG,A217FXXSCDXE2,2024-05-01
SM-A217F,XFA,A217FXXSCDXE2,2024-05-01
SM-A217F,EGY,A217FXXSCDXE2,2024-05-01
SM-A217F,ILO,A217FXXSCDXE2,2024-05-01
SM-A217F,MID,A217FXXSCDXE2,2024-05-01
SM-A217F,THL,A217FXXSCDXE2,2024-05-01
SM-A217F,TGY,A217FZHSCDXE1,2024-05-01
SM-A217F,XME,A217FXXSCDXE2,2024-05-01
SM-A217F,SEK,A217FXXSCDXE2,2024-05-01
SM-A217F,ITV,A217FXXSCDXE2,2024-05-01
SM-A217F,PHN,A217FXXSCDXE2,2024-05-01
SM-A217F,XSA,A217FXXSCDXE2,2024-05-01
SM-A217F,AUT,A217FXXSCDXE2,2024-05-01
SM-A225F,DBT,A225FXXSBDYE1,2025-05-01
SM-A225F,INS,A225FXXSBDYE2,2025-05-01
SM-A225F,XSG,A225FXXSBDYE1,2025-05-01
SM-A225F,XFA,A225FXXSBDYE1,2025-05-01
SM-A225F,EGY,A225FXXSBDYE1,2025-05-01
SM-A225F,ILO,A225FXXSBDYE1,2025-05-01
SM-A225F,MID,A225FXXSBDYE1,2025-05-01
SM-A225F,THL,A225FXXSBDYE1,2025-05-01
SM-A225F,XME,A225FXXSBDYE1,2025-05-01
SM-A225F,SEK,A225FXXSBDYE1,2025-05-01
SM-A225F,ITV,A225FXXSBDYE1,2025-05-01
SM-A225F,XSA,A225FXXSBDYE1,2025-05-01
SM-A225F,AUT,A225FXXSBDYE1,2025-05-01
SM-A226B,BTU,A226BXXSBDZC3,2026-03-01
SM-A226B,DBT,A226BXXSBDZC3,2026-03-01
SM-A226B,INS,A226BXXSBDYA2,2025-01-01
SM-A226B,XSG,A226BXXSBDYA1,2025-01-01
SM-A226B,XFA,A226BXXSBDYA1,2025-01-01
SM-A226B,EGY,A226BXXSBDYA1,2025-01-01
SM-A226B,MID,A226BXXSBDYA1,2025-01-01
SM-A226B,THL,A226BXXSBDZC3,2026-03-01
SM-A226B,TGY,A226BZHSBDYA1,2025-01-01
SM-A226B,XME,A226BXXSBDZC3,2026-03-01
SM-A226B,SEK,A226BXXSBDZC3,2026-03-01
SM-A226B,ITV,A226BXXSBDZC3,2026-03-01
SM-A226B,PHN,A226BXXSBDZC3,2026-03-01
SM-A226B,XSA,A226BXXSBDYA1,2025-01-01
SM-A226B,AUT,A226BXXSBDZC3,2026-03-01
SM-A235F,INS,A235FXXSEEZB1,2026-02-01
SM-A235F,XSG,A235FXXSEEZB1,2026-02-01
SM-A235F,XFA,A235FXXSEEZB1,2026-02-01
SM-A235F,EGY,A235FXXSEEZB1,2026-02-01
SM-A235F,ILO,A235FXXSEEZB1,2026-02-01
SM-A235F,MID,A235FXXSEEZB1,2026-02-01
SM-A235F,THL,A235FXXSEEZB1,2026-02-01
SM-A235F,XME,A235FXXSEEZB1,2026-02-01
SM-A235F,SEK,A235FXXSEEZB1,2026-02-01
SM-A235F,XSA,A235FXXSEEZE1,2026-05-01
SM-A236B,EUX,A236BXXSGEZH2,2026-08-01
SM-A245F,XSG,A245FXXSDFZG3,2026-07-01
SM-A245F,XFA,A245FXXSDFZG3,2026-07-01
SM-A245F,EGY,A245FXXSDFZG3,2026-07-01
SM-A245F,ILO,A245FXXSDFZG3,2026-07-01
SM-A245F,MID,A245FXXSDFZG3,2026-07-01
SM-A245F,THL,A245FXXSDFZG3,2026-07-01
SM-A245F,XME,A245FXXSDFZG3,2026-07-01
SM-A245F,SEK,A245FXXSDFZG3,2026-07-01
SM-A256B,EUX,A256BXXSEEZH9,2026-08-01
SM-A266B,EUX,A266BXXSCCZH3,2026-08-01
SM-A266B,INS,A266BXXSCCZH5,2026-08-01
SM-A266B,XSG,A266BXXSCCZH3,2026-08-01
SM-A266B,XFA,A266BXXSCCZH3,2026-08-01
SM-A266B,EGY,A266BXXSCCZH3,2026-08-01
SM-A266B,ILO,A266BXXSCCZH3,2026-08-01
SM-A266B,MID,A266BXXSCCZH3,2026-08-01
SM-A266B,THL,A266BXXSCCZH3,2026-08-01
SM-A266B,XME,A266BXXSCCZH3,2026-08-01
SM-A266B,XSA,A266BXXSCCZH3,2026-08-01
SM-A276B,EUX,A276BXXU2AZH7,2026-08-01
SM-A276B,INS,A276BXXS2AZG3,2026-07-01
SM-A276B,XSG,A276BXXU2AZH7,2026-08-01
SM-A276B,XFA,A276BXXU2AZH7,2026-08-01
SM-A276B,EGY,A276BXXU2AZH7,2026-08-01
SM-A276B,ILO,A276BXXU2AZH7,2026-08-01
SM-A276B,MID,A276BXXU2AZH7,2026-08-01
SM-A276B,THL,A276BXXU2AZH7,2026-08-01
SM-A276B,XME,A276BXXU2AZH7,2026-08-01
SM-A276B,XSA,A276BXXU2AZH7,2026-08-01
SM-A305F,INS,A305FDDS6CWA3,2023-01-01
SM-A305F,XSG,A305FDDS6CWA3,2023-01-01
SM-A305F,XFA,A305FDDS6CWA3,2023-01-01
SM-A305F,EGY,A305FDDS6CWA3,2023-01-01
SM-A305F,ILO,A305FDDS6CWA3,2023-01-01
SM-A305F,MID,A305FDDS6CWA3,2023-01-01
SM-A305F,THL,A305FDDS6CWA3,2023-01-01
SM-A305F,XME,A305FDDS6CWA3,2023-01-01
SM-A315F,INS,A315FXXS5DXB3,2024-02-01
SM-A315F,XSG,A315FXXS5DXB1,2024-02-01
SM-A315F,XFA,A315FXXS5DXB1,2024-02-01
SM-A315F,EGY,A315FXXS5DXB1,2024-02-01
SM-A315F,ILO,A315FXXS5DXB1,2024-02-01
SM-A315F,MID,A315FXXS5DXB1,2024-02-01
SM-A315F,SEK,A315FXXS5DXB1,2024-02-01
SM-A325F,BTU,A325FXXSCDYB2,2025-02-01
SM-A325F,DBT,A325FXXU1AUD7,2021-04-01
SM-A325F,EUX,A325FXXU1AUCC,2021-03-01
SM-A325F,INS,A325FXXSCDYA2,2025-01-01
SM-A325F,XSG,A325FXXSCDYB2,2025-02-01
SM-A325F,XFA,A325FXXSCDYB2,2025-02-01
SM-A325F,EGY,A325FXXSCDYB2,2025-02-01
SM-A325F,ILO,A325FXXSCDYB2,2025-02-01
SM-A325F,MID,A325FXXSCDYB2,2025-02-01
SM-A325F,THL,A325FXXSCDYB2,2025-02-01
SM-A325F,XME,A325FXXSCDYB2,2025-02-01
SM-A325F,SEK,A325FXXSCDYB2,2025-02-01
SM-A325F,ITV,A325FXXSCDYB2,2025-02-01
SM-A325F,PHN,A325FXXSCDYB2,2025-02-01
SM-A325F,XSA,A325FXXSCDYB2,2025-02-01
SM-A325F,AUT,A325FXXSCDYB2,2025-02-01
SM-A326B,BTU,A326BXXSECYB5,2025-02-01
SM-A326B,DBT,A326BXXSECYB5,2025-02-01
SM-A326B,XSG,A326BXXSECYB7,2025-02-01
SM-A326B,XFA,A326BXXSECYB6,2025-02-01
SM-A326B,THL,A326BXXSECYB5,2025-02-01
SM-A326B,XME,A326BXXSECYB5,2025-02-01
SM-A326B,ITV,A326BXXSECYB5,2025-02-01
SM-A326B,PHN,A326BXXSECYB5,2025-02-01
SM-A326B,AUT,A326BXXSECYB5,2025-02-01
SM-A336B,EUX,A336BXXSKGZH2,2026-08-01
SM-A336B,SEK,A336BXXSKGZH2,2026-08-01
SM-A346B,EUX,A346BXXSGFZG4,2026-07-01
SM-A356B,EUX,A356BXXSCDZH1,2026-08-01
SM-A366B,EUX,A366BXXSCCZH1,2026-08-01
SM-A366B,XSG,A366BXXSCCZH1,2026-08-01
SM-A366B,XFA,A366BXXSCCZH1,2026-08-01
SM-A366B,EGY,A366BXXSCCZH1,2026-08-01
SM-A366B,ILO,A366BXXSCCZH1,2026-08-01
SM-A366B,MID,A366BXXSCCZH1,2026-08-01
SM-A366B,THL,A366BXXSCCZH1,2026-08-01
SM-A366B,XME,A366BXXSCCZH1,2026-08-01
SM-A366B,XSA,A366BXXSCCZH1,2026-08-01
SM-A376B,EUX,A376BXXS5AZH4,2026-08-01
SM-A376B,XSG,A376BXXS5AZH4,2026-08-01
SM-A376B,XFA,A376BXXS5AZH4,2026-08-01
SM-A376B,EGY,A376BXXS5AZH4,2026-08-01
SM-A376B,ILO,A376BXXS5AZH4,2026-08-01
SM-A376B,MID,A376BXXS5AZH4,2026-08-01
SM-A376B,THL,A376BXXS5AZH4,2026-08-01
SM-A376B,XME,A376BXXS5AZH4,2026-08-01
SM-A376B,XSA,A376BXXS5AZH4,2026-08-01
SM-A505F,INS,A505FDDS9CWA2,2023-01-01
SM-A505F,XSG,A505FDDS9CWA1,2023-01-01
SM-A505F,XFA,A505FDDS9CWA1,2023-01-01
SM-A505F,EGY,A505FDDS9CWA1,2023-01-01
SM-A505F,ILO,A505FDDS9CWA1,2023-01-01
SM-A505F,MID,A505FDDS9CWA1,2023-01-01
SM-A505F,THL,A505FDDS9CWA1,2023-01-01
SM-A505F,XME,A505FDDS9CWA1,2023-01-01
SM-A515F,BTU,A515FXXU8HWI1,2023-09-01
SM-A515F,DBT,A515FXXU8HWI1,2023-09-01
SM-A515F,INS,A515FXXU8HWI5,2023-09-01
SM-A515F,XSG,A515FXXU8HWI1,2023-09-01
SM-A515F,XFA,A515FXXU8HWI1,2023-09-01
SM-A515F,EGY,A515FXXU8HWI1,2023-09-01
SM-A515F,ILO,A515FXXU8HWI1,2023-09-01
SM-A515F,MID,A515FXXU8HWI1,2023-09-01
SM-A515F,THL,A515FXXU8HWI1,2023-09-01
SM-A515F,TGY,A515FZHU8HWI1,2023-09-01
SM-A515F,XME,A515FXXU8HWI1,2023-09-01
SM-A515F,SEK,A515FXXU8HWI1,2023-09-01
SM-A515F,ITV,A515FXXU8HWI1,2023-09-01
SM-A515F,PHN,A515FXXU8HWI1,2023-09-01
SM-A515F,XSA,A515FXXU8HWI1,2023-09-01
SM-A515F,AUT,A515FXXU8HWI1,2023-09-01
SM-A525F,EUX,A525FXXSCFYF1,2025-06-01
SM-A525F,INS,A525FXXSCFYF1,2025-06-01
SM-A525F,XSG,A525FXXSCFYF1,2025-06-01
SM-A525F,XFA,A525FXXSCFYF1,2025-06-01
SM-A525F,EGY,A525FXXSCFYF1,2025-06-01
SM-A525F,ILO,A525FXXSCFYF1,2025-06-01
SM-A525F,MID,A525FXXSCFYF1,2025-06-01
SM-A525F,THL,A525FXXSCFYF1,2025-06-01
SM-A525F,XME,A525FXXSCFYF1,2025-06-01
SM-A525F,SEK,A525FXXSCFYF1,2025-06-01
SM-A525F,XSA,A525FXXSCFYF1,2025-06-01
SM-A526B,BTU,A526BXXSCGYC1,2025-03-01
SM-A526B,DBT,A526BXXSCGYC1,2025-03-01
SM-A526B,XSG,A526BXXSCGYC1,2025-03-01
SM-A526B,XFA,A526BXXSCGYC1,2025-03-01
SM-A526B,ILO,A526BXXSCGYC1,2025-03-01
SM-A526B,MID,A526BXXSCGYC1,2025-03-01
SM-A526B,THL,A526BXXSCGYC1,2025-03-01
SM-A526B,XME,A526BXXSCGYC1,2025-03-01
SM-A526B,ITV,A526BXXSCGYC1,2025-03-01
SM-A526B,PHN,A526BXXSCGYC1,2025-03-01
SM-A526B,XSA,A526BXXSCGYC1,2025-03-01
SM-A526B,AUT,A526BXXSCGYC1,2025-03-01
SM-A528B,BTU,A528BXXSBGYI3,2025-09-01
SM-A528B,DBT,A528BXXSBGYI3,2025-09-01
SM-A528B,INS,A528BXXSBGYI3,2025-09-01
SM-A528B,XSG,A528BXXSBGYI3,2025-09-01
SM-A528B,XFA,A528BXXSBGYI3,2025-09-01
SM-A528B,EGY,A528BXXSBGYI3,2025-09-01
SM-A528B,ILO,A528BXXSBGYI3,2025-09-01
SM-A528B,MID,A528BXXSBGYI3,2025-09-01
SM-A528B,THL,A528BXXSBGYI3,2025-09-01
SM-A528B,XME,A528BXXSBGYI3,2025-09-01
SM-A528B,ITV,A528BXXSBGYI3,2025-09-01
SM-A528B,PHN,A528BXXSBGYI3,2025-09-01
SM-A528B,XSA,A528BXXSBGYI3,2025-09-01
SM-A528B,AUT,A528BXXSBGYI3,2025-09-01
SM-A536B,EUX,A536BXXSOGZH2,2026-08-01
SM-A546B,EUX,A546BXXSMFZH5,2026-08-01
SM-A556B,EUX,A556BXXSHDZH6,2026-08-01
SM-A566B,EUX,A566BXXSDCZHB,2026-08-01
SM-A566B,XSG,A566BXXSDCZHB,2026-08-01
SM-A566B,XFA,A566BXXSDCZHB,2026-08-01
SM-A566B,EGY,A566BXXSDCZHB,2026-08-01
SM-A566B,ILO,A566BXXSDCZHB,2026-08-01
SM-A566B,MID,A566BXXSDCZHB,2026-08-01
SM-A566B,THL,A566BXXSDCZHB,2026-08-01
SM-A566B,XME,A566BXXSDCZHB,2026-08-01
SM-A566B,XSA,A566BXXSDCZHB,2026-08-01
SM-A576B,EUX,A576BXXS5AZH3,2026-08-01
SM-A576B,INS,A576BXXS6AZI3,2026-09-01
SM-A576B,XSG,A576BXXS5AZH3,2026-08-01
SM-A576B,XFA,A576BXXS5AZH3,2026-08-01
SM-A576B,EGY,A576BXXS5AZH3,2026-08-01
SM-A576B,ILO,A576BXXS5AZH3,2026-08-01
SM-A576B,MID,A576BXXS5AZH3,2026-08-01
SM-A576B,THL,A576BXXS6AZI2,2026-09-01
SM-A576B,XME,A576BXXS6AZI2,2026-09-01
SM-A576B,XSA,A576BXXS5AZH3,2026-08-01
SM-A705F,THL,A705FXXU5DXD2,2024-04-01
SM-A705F,XME,A705FXXU5DXD2,2024-04-01
SM-A715F,BTU,A715FXXSBDXB1,2024-02-01
SM-A715F,DBT,A715FXXSBDXB1,2024-02-01
SM-A715F,XEU,A715FXXSBDXB1,2024-02-01
SM-A715F,INS,A715FXXSBDXB1,2024-02-01
SM-A715F,XSG,A715FXXSBDXB1,2024-02-01
SM-A715F,XFA,A715FXXSBDXB1,2024-02-01
SM-A715F,EGY,A715FXXSBDXB1,2024-02-01
SM-A715F,ILO,A715FXXSBDXB1,2024-02-01
SM-A715F,MID,A715FXXSBDXB1,2024-02-01
SM-A715F,THL,A715FXXSBDXB1,2024-02-01
SM-A715F,TGY,A715FZHSADXB1,2024-02-01
SM-A715F,XME,A715FXXSBDXB1,2024-02-01
SM-A715F,SEK,A715FXXSBDXB1,2024-02-01
SM-A715F,ITV,A715FXXSBDXB1,2024-02-01
SM-A715F,PHN,A715FXXSBDXB1,2024-02-01
SM-A715F,XSA,A715FXXSBDXB1,2024-02-01
SM-A715F,AUT,A715FXXSBDXB1,2024-02-01
SM-A725F,BTU,A725FXXSBFYC1,2025-03-01
SM-A725F,DBT,A725FXXSBFYC1,2025-03-01
SM-A725F,INS,A725FXXSBFYC1,2025-03-01
SM-A725F,XSG,A725FXXSBFYC1,2025-03-01
SM-A725F,XFA,A725FXXSBFYC1,2025-03-01
SM-A725F,EGY,A725FXXSBFYC1,2025-03-01
SM-A725F,ILO,A725FXXSBFYC1,2025-03-01
SM-A725F,MID,A725FXXSBFYC1,2025-03-01
SM-A725F,THL,A725FXXSBFYC1,2025-03-01
SM-A725F,XME,A725FXXSBFYC1,2025-03-01
SM-A725F,SEK,A725FXXSBFYC1,2025-03-01
SM-A725F,ITV,A725FXXSBFYC1,2025-03-01
SM-A725F,PHN,A725FXXSBFYC1,2025-03-01
SM-A725F,XSA,A725FXXSBFYC1,2025-03-01
SM-A725F,AUT,A725FXXSBFYC1,2025-03-01
SM-A736B,INS,A736BXXSCGZF1,2026-06-01
SM-A736B,XSG,A736BXXSCGZF1,2026-06-01
SM-A736B,XFA,A736BXXSCGZF1,2026-06-01
SM-A736B,EGY,A736BXXSCGZF1,2026-06-01
SM-A736B,ILO,A736BXXSCGZF1,2026-06-01
SM-A736B,MID,A736BXXSCGZF1,2026-06-01
SM-A736B,THL,A736BXXSCGZH1,2026-08-01
SM-A736B,XME,A736BXXSCGZH1,2026-08-01
SM-A736B,SEK,A736BXXSCGZF1,2026-06-01
SM-A736B,XSA,A736BXXSCGZH1,2026-08-01
SM-G780F,BTU,G780FXXSOFYJ1,2025-10-01
SM-G780F,DBT,G780FXXSOFYJ1,2025-10-01
SM-G780F,INS,G780FXXSNFYH3,2025-08-01
SM-G780F,XSG,G780FXXSOFYJ1,2025-10-01
SM-G780F,XFA,G780FXXSOFYJ1,2025-10-01
SM-G780F,EGY,G780FXXSOFYJ1,2025-10-01
SM-G780F,ILO,G780FXXSOFYJ1,2025-10-01
SM-G780F,MID,G780FXXSOFYJ1,2025-10-01
SM-G780F,THL,G780FXXSOFYJ1,2025-10-01
SM-G780F,XME,G780FXXSOFYJ1,2025-10-01
SM-G780F,SEK,G780FXXSOFYJ1,2025-10-01
SM-G780F,ITV,G780FXXSOFYJ1,2025-10-01
SM-G780F,PHN,G780FXXSOFYJ1,2025-10-01
SM-G780F,XSA,G780FXXSOFYJ1,2025-10-01
SM-G780F,AUT,G780FXXSOFYJ1,2025-10-01
SM-G781B,BTU,G781BXXSIHYJ1,2025-10-01
SM-G781B,DBT,G781BXXSIHYJ1,2025-10-01
SM-G781B,INS,G781BXXSIHYJ4,2025-10-01
SM-G781B,XSG,G781BXXSIHYJ1,2025-10-01
SM-G781B,ILO,G781BXXSIHYJ1,2025-10-01
SM-G781B,THL,G781BXXSIHYJ1,2025-10-01
SM-G781B,XME,G781BXXSIHYJ1,2025-10-01
SM-G781B,ITV,G781BXXSIHYJ1,2025-10-01
SM-G781B,PHN,G781BXXSIHYJ1,2025-10-01
SM-G781B,XSA,G781BXXSIHYJ1,2025-10-01
SM-G781B,AUT,G781BXXSIHYJ1,2025-10-01
SM-G980F,BTU,G980FXXSNHYB1,2025-02-01
SM-G980F,DBT,G980FXXSNHYB1,2025-02-01
SM-G980F,INU,G980FXXSNHYB7,2025-02-01
SM-G980F,XSG,G980FXXSNHYB1,2025-02-01
SM-G980F,XFA,G980FXXSNHYB1,2025-02-01
SM-G980F,EGY,G980FXXSNHYB1,2025-02-01
SM-G980F,ILO,G980FXXSNHYB1,2025-02-01
SM-G980F,MID,G980FXXSNHYB1,2025-02-01
SM-G980F,THL,G980FXXSNHYB1,2025-02-01
SM-G980F,XME,G980FXXSNHYB1,2025-02-01
SM-G980F,SEK,G980FXXSNHYB1,2025-02-01
SM-G980F,ITV,G980FXXSNHYB1,2025-02-01
SM-G980F,PHN,G980FXXSNHYB1,2025-02-01
SM-G980F,XSA,G980FXXSNHYB1,2025-02-01
SM-G980F,AUT,G980FXXSNHYB1,2025-02-01
SM-G981B,BTU,G981BXXSNHYB1,2025-02-01
SM-G981B,DBT,G981BXXSNHYB1,2025-02-01
SM-G981B,ITV,G981BXXSNHYB1,2025-02-01
SM-G981B,PHN,G981BXXSNHYB1,2025-02-01
SM-G981B,XSA,G981BXXSNHYB1,2025-02-01
SM-G981B,AUT,G981BXXSNHYB1,2025-02-01
SM-G985F,BTU,G985FXXSNHYB1,2025-02-01
SM-G985F,DBT,G985FXXSNHYB1,2025-02-01
SM-G985F,INU,G985FXXSNHYB7,2025-02-01
SM-G985F,XSG,G985FXXSNHYB1,2025-02-01
SM-G985F,XFA,G985FXXSNHYB1,2025-02-01
SM-G985F,EGY,G985FXXSNHYB1,2025-02-01
SM-G985F,ILO,G985FXXSNHYB1,2025-02-01
SM-G985F,MID,G985FXXSNHYB1,2025-02-01
SM-G985F,THL,G985FXXSNHYB1,2025-02-01
SM-G985F,XME,G985FXXSNHYB1,2025-02-01
SM-G985F,SEK,G985FXXSNHYB1,2025-02-01
SM-G985F,ITV,G985FXXSNHYB1,2025-02-01
SM-G985F,PHN,G985FXXSNHYB1,2025-02-01
SM-G985F,XSA,G985FXXSNHYB1,2025-02-01
SM-G985F,AUT,G985FXXSNHYB1,2025-02-01
SM-G988B,BTU,G988BXXSNHYB1,2025-02-01
SM-G988B,DBT,G988BXXSNHYB1,2025-02-01
SM-G988B,INU,G988BXXSNHYB7,2025-02-01
SM-G988B,XSG,G988BXXSNHYB1,2025-02-01
SM-G988B,XFA,G988BXXSNHYB1,2025-02-01
SM-G988B,EGY,G988BXXSNHYB1,2025-02-01
SM-G988B,ILO,G988BXXSNHYB1,2025-02-01
SM-G988B,MID,G988BXXSNHYB1,2025-02-01
SM-G988B,THL,G988BXXSNHYB1,2025-02-01
SM-G988B,XME,G988BXXSNHYB1,2025-02-01
SM-G988B,SEK,G988BXXSNHYB1,2025-02-01
SM-G988B,ITV,G988BXXSNHYB1,2025-02-01
SM-G988B,PHN,G988BXXSNHYB1,2025-02-01
SM-G988B,XSA,G988BXXSNHYB1,2025-02-01
SM-G988B,AUT,G988BXXSNHYB1,2025-02-01
SM-G990B,EUX,G990BXXSKIZF1,2026-06-01
SM-G990B,SEK,G990BXXSKIZF1,2026-06-01
SM-G991B,BTU,G991BXXSJHZC2,2026-03-01
SM-G991B,DBT,G991BXXSJHZC2,2026-03-01
SM-G991B,INU,G991BXXSJHZC2,2026-03-01
SM-G991B,XSG,G991BXXSJHZC2,2026-03-01
SM-G991B,XFA,G991BXXSJHZC2,2026-03-01
SM-G991B,EGY,G991BXXSJHZC2,2026-03-01
SM-G991B,ILO,G991BXXSJHZC2,2026-03-01
SM-G991B,MID,G991BXXSJHZC2,2026-03-01
SM-G991B,THL,G991BXXSJHZC2,2026-03-01
SM-G991B,XME,G991BXXSJHZC2,2026-03-01
SM-G991B,SEK,G991BXXSJHZC2,2026-03-01
SM-G991B,ITV,G991BXXSJHZC2,2026-03-01
SM-G991B,PHN,G991BXXSJHZC2,2026-03-01
SM-G991B,XSA,G991BXXSJHZC2,2026-03-01
SM-G991B,AUT,G991BXXSJHZC2,2026-03-01
SM-G996B,BTU,G996BXXSJHZC2,2026-03-01
SM-G996B,DBT,G996BXXSJHZC2,2026-03-01
SM-G996B,INU,G996BXXSJHZC2,2026-03-01
SM-G996B,XSG,G996BXXSJHZC2,2026-03-01
SM-G996B,XFA,G996BXXSJHZC2,2026-03-01
SM-G996B,EGY,G996BXXSJHZC2,2026-03-01
SM-G996B,ILO,G996BXXSJHZC2,2026-03-01
SM-G996B,MID,G996BXXSJHZC2,2026-03-01
SM-G996B,THL,G996BXXSJHZC2,2026-03-01
SM-G996B,XME,G996BXXSJHZC2,2026-03-01
SM-G996B,SEK,G996BXXSJHZC2,2026-03-01
SM-G996B,ITV,G996BXXSJHZC2,2026-03-01
SM-G996B,PHN,G996BXXSJHZC2,2026-03-01
SM-G996B,XSA,G996BXXSJHZC2,2026-03-01
SM-G996B,AUT,G996BXXSJHZC2,2026-03-01
SM-G998B,BTU,G998BXXSJHZC2,2026-03-01
SM-G998B,DBT,G998BXXSJHZC2,2026-03-01
SM-G998B,INU,G998BXXSJHZC2,2026-03-01
SM-G998B,XSG,G998BXXSJHZC2,2026-03-01
SM-G998B,XFA,G998BXXSJHZC2,2026-03-01
SM-G998B,EGY,G998BXXSJHZC2,2026-03-01
SM-G998B,ILO,G998BXXSJHZC2,2026-03-01
SM-G998B,MID,G998BXXSJHZC2,2026-03-01
SM-G998B,THL,G998BXXSJHZC2,2026-03-01
SM-G998B,XME,G998BXXSJHZC2,2026-03-01
SM-G998B,SEK,G998BXXSJHZC2,2026-03-01
SM-G998B,ITV,G998BXXSJHZC2,2026-03-01
SM-G998B,PHN,G998BXXSJHZC2,2026-03-01
SM-G998B,XSA,G998BXXSJHZC2,2026-03-01
SM-G998B,AUT,G998BXXSJHZC2,2026-03-01
SM-S711B,EUX,S711BXXSIGZH9,2026-08-01
SM-S711B,INS,S711BXXSIGZH9,2026-08-01
SM-S711B,XSG,S711BXXSIGZH9,2026-08-01
SM-S711B,XFA,S711BXXSIGZH9,2026-08-01
SM-S711B,EGY,S711BXXSIGZH9,2026-08-01
SM-S711B,ILO,S711BXXSIGZH9,2026-08-01
SM-S711B,MID,S711BXXSIGZH9,2026-08-01
SM-S711B,THL,S711BXXSIGZH9,2026-08-01
SM-S711B,XME,S711BXXSIGZH9,2026-08-01
SM-S711B,SEK,S711BXXSIGZH9,2026-08-01
SM-S711B,XSA,S711BXXSIGZH9,2026-08-01
SM-S721B,EUX,S721BXXSEDZH9,2026-08-01
SM-S721B,INS,S721BXXSEDZH9,2026-08-01
SM-S721B,XSG,S721BXXSEDZH9,2026-08-01
SM-S721B,XFA,S721BXXSEDZH9,2026-08-01
SM-S721B,EGY,S721BXXSEDZH9,2026-08-01
SM-S721B,ILO,S721BXXSEDZH9,2026-08-01
SM-S721B,MID,S721BXXSEDZH9,2026-08-01
SM-S721B,THL,S721BXXSEDZH9,2026-08-01
SM-S721B,XME,S721BXXSEDZH9,2026-08-01
SM-S721B,XSA,S721BXXSEDZH9,2026-08-01
SM-S901B,EUX,S901BXXSOGZH3,2026-08-01
SM-S901B,SEK,S901BXXSOGZH3,2026-08-01
SM-S906B,EUX,S906BXXSOGZH3,2026-08-01
SM-S906B,SEK,S906BXXSOGZH3,2026-08-01
SM-S908B,EUX,S908BXXSOGZH3,2026-08-01
SM-S908B,SEK,S908BXXSOGZH3,2026-08-01
SM-S911B,EUX,S911BXXSAFZH3,2026-08-01
SM-S911B,INS,S911BXXSAFZH3,2026-08-01
SM-S911B,XSG,S911BXXSAFZH3,2026-08-01
SM-S911B,XFA,S911BXXSAFZH3,2026-08-01
SM-S911B,EGY,S911BXXSAFZH3,2026-08-01
SM-S911B,ILO,S911BXXSAFZH3,2026-08-01
SM-S911B,MID,S911BXXSAFZH3,2026-08-01
SM-S911B,THL,S911BXXSAFZH3,2026-08-01
SM-S911B,XME,S911BXXSAFZH3,2026-08-01
SM-S911B,SEK,S911BXXSAFZH3,2026-08-01
SM-S911B,XSA,S911BXXSAFZH3,2026-08-01
SM-S916B,EUX,S916BXXSAFZH3,2026-08-01
SM-S916B,INS,S916BXXSAFZH3,2026-08-01
SM-S916B,XSG,S916BXXSAFZH3,2026-08-01
SM-S916B,XFA,S916BXXSAFZH3,2026-08-01
SM-S916B,EGY,S916BXXSAFZH3,2026-08-01
SM-S916B,ILO,S916BXXSAFZH3,2026-08-01
SM-S916B,MID,S916BXXSAFZH3,2026-08-01
SM-S916B,THL,S916BXXSAFZH3,2026-08-01
SM-S916B,XME,S916BXXSAFZH3,2026-08-01
SM-S916B,SEK,S916BXXSAFZH3,2026-08-01
SM-S916B,XSA,S916BXXSAFZH3,2026-08-01
SM-S918B,EUX,S918BXXSAFZH3,2026-08-01
SM-S918B,INS,S918BXXSAFZH3,2026-08-01
SM-S918B,XSG,S918BXXSAFZH3,2026-08-01
SM-S918B,XFA,S918BXXSAFZH3,2026-08-01
SM-S918B,EGY,S918BXXSAFZH3,2026-08-01
SM-S918B,ILO,S918BXXSAFZH3,2026-08-01
SM-S918B,MID,S918BXXSAFZH3,2026-08-01
SM-S918B,THL,S918BXXSAFZH3,2026-08-01
SM-S918B,XME,S918BXXSAFZH3,2026-08-01
SM-S918B,SEK,S918BXXSAFZH3,2026-08-01
SM-S918B,XSA,S918BXXSAFZH3,2026-08-01
SM-S921B,EUX,S921BXXSHDZH3,2026-08-01
SM-S921B,INS,S921BXXSHDZH3,2026-08-01
SM-S921B,XSG,S921BXXSHDZH3,2026-08-01
SM-S921B,XFA,S921BXXSHDZH3,2026-08-01
SM-S921B,EGY,S921BXXSHDZH3,2026-08-01
SM-S921B,ILO,S921BXXSHDZH3,2026-08-01
SM-S921B,MID,S921BXXSHDZH3,2026-08-01
SM-S921B,THL,S921BXXSHDZH3,2026-08-01
SM-S921B,XME,S921BXXSHDZH3,2026-08-01
SM-S921B,XSA,S921BXXSHDZH3,2026-08-01
SM-S926B,EUX,S926BXXSHDZH3,2026-08-01
SM-S926B,INS,S926BXXSHDZH3,2026-08-01
SM-S926B,XSG,S926BXXSHDZH3,2026-08-01
SM-S926B,XFA,S926BXXSHDZH3,2026-08-01
SM-S926B,EGY,S926BXXSHDZH3,2026-08-01
SM-S926B,ILO,S926BXXSHDZH3,2026-08-01
SM-S926B,MID,S926BXXSHDZH3,2026-08-01
SM-S926B,THL,S926BXXSHDZH3,2026-08-01
SM-S926B,XME,S926BXXSHDZH3,2026-08-01
SM-S926B,XSA,S926BXXSHDZH3,2026-08-01
SM-S928B,EUX,S928BXXS6DZH2,2026-08-01
SM-S928B,INS,S928BXXS6DZH2,2026-08-01
SM-S928B,XSG,S928BXXS6DZH2,2026-08-01
SM-S928B,XFA,S928BXXS6DZH2,2026-08-01
SM-S928B,EGY,S928BXXS6DZH2,2026-08-01
SM-S928B,ILO,S928BXXS6DZH2,2026-08-01
SM-S928B,MID,S928BXXS6DZH2,2026-08-01
SM-S928B,THL,S928BXXS6DZH2,2026-08-01
SM-S928B,XME,S928BXXS6DZH2,2026-08-01
SM-S928B,XSA,S928BXXS6DZH2,2026-08-01
SM-S931B,EUX,S931BXXSCCZH1,2026-08-01
SM-S931B,INS,S931BXXSCCZH1,2026-08-01
SM-S931B,XSG,S931BXXSCCZH1,2026-08-01
SM-S931B,XFA,S931BXXSCCZH1,2026-08-01
SM-S931B,EGY,S931BXXSCCZH1,2026-08-01
SM-S931B,ILO,S931BXXSCCZH1,2026-08-01
SM-S931B,MID,S931BXXSCCZH1,2026-08-01
SM-S931B,THL,S931BXXSCCZH1,2026-08-01
SM-S931B,XME,S931BXXSCCZH1,2026-08-01
SM-S931B,XSA,S931BXXSCCZH1,2026-08-01
SM-S936B,EUX,S936BXXSCCZH1,2026-08-01
SM-S936B,INS,S936BXXSCCZH1,2026-08-01
SM-S936B,XSG,S936BXXSCCZH1,2026-08-01
SM-S936B,XFA,S936BXXSCCZH1,2026-08-01
SM-S936B,EGY,S936BXXSCCZH1,2026-08-01
SM-S936B,ILO,S936BXXSCCZH1,2026-08-01
SM-S936B,MID,S936BXXSCCZH1,2026-08-01
SM-S936B,THL,S936BXXSCCZH1,2026-08-01
SM-S936B,XME,S936BXXSCCZH1,2026-08-01
SM-S936B,XSA,S936BXXSCCZH1,2026-08-01
SM-S937B,EUX,S937BXXSACZH1,2026-08-01
SM-S937B,INS,S937BXXSACZH1,2026-08-01
SM-S937B,XSG,S937BXXSACZH1,2026-08-01
SM-S937B,XFA,S937BXXSACZH1,2026-08-01
SM-S937B,ILO,S937BXXSACZH1,2026-08-01
SM-S937B,XSA,S937BXXSACZH1,2026-08-01
SM-S938B,EUX,S938BXXSCCZH1,2026-08-01
SM-S938B,INS,S938BXXSCCZH1,2026-08-01
SM-S938B,XSG,S938BXXSCCZH1,2026-08-01
SM-S938B,XFA,S938BXXSCCZH1,2026-08-01
SM-S938B,EGY,S938BXXSCCZH1,2026-08-01
SM-S938B,ILO,S938BXXSCCZH1,2026-08-01
SM-S938B,MID,S938BXXSCCZH1,2026-08-01
SM-S938B,THL,S938BXXSCCZH1,2026-08-01
SM-S938B,XME,S938BXXSCCZH1,2026-08-01
SM-S938B,XSA,S938BXXSCCZH1,2026-08-01
SM-S942B,EUX,S942BXXS4AZHA,2026-08-01
SM-S942B,INS,S942BXXS4AZHA,2026-08-01
SM-S942B,XSG,S942BXXS4AZHA,2026-08-01
SM-S942B,XFA,S942BXXS4AZHA,2026-08-01
SM-S942B,EGY,S942BXXS4AZHA,2026-08-01
SM-S942B,ILO,S942BXXS4AZHA,2026-08-01
SM-S942B,MID,S942BXXS4AZHA,2026-08-01
SM-S942B,THL,S942BXXS4AZHA,2026-08-01
SM-S942B,XME,S942BXXS4AZHA,2026-08-01
SM-S942B,XSA,S942BXXS4AZHA,2026-08-01
SM-S947B,EUX,S947BXXS4AZHA,2026-08-01
SM-S947B,INS,S947BXXS4AZHA,2026-08-01
SM-S947B,XSG,S947BXXS4AZHA,2026-08-01
SM-S947B,XFA,S947BXXS4AZHA,2026-08-01
SM-S947B,EGY,S947BXXS4AZHA,2026-08-01
SM-S947B,ILO,S947BXXS4AZHA,2026-08-01
SM-S947B,MID,S947BXXS4AZHA,2026-08-01
SM-S947B,THL,S947BXXS4AZHA,2026-08-01
SM-S947B,XME,S947BXXS4AZHA,2026-08-01
SM-S947B,XSA,S947BXXS4AZHA,2026-08-01
SM-S948B,EUX,S948BXXS4AZHL,2026-08-01
SM-S948B,INS,S948BXXS4AZHL,2026-08-01
SM-S948B,XSG,S948BXXS4AZHL,2026-08-01
SM-S948B,XFA,S948BXXS4AZHL,2026-08-01
SM-S948B,EGY,S948BXXS4AZHL,2026-08-01
SM-S948B,ILO,S948BXXS4AZHL,2026-08-01
SM-S948B,MID,S948BXXS4AZHL,2026-08-01
SM-S948B,THL,S948BXXS4AZHL,2026-08-01
SM-S948B,XME,S948BXXS4AZHL,2026-08-01
SM-S948B,XSA,S948BXXS4AZHL,2026-08-01
