codename,device_name,version,android,region,branch,type,updated_at,size,downloads,download_url,source_url,source_sha256,retrieved_at
HM2013023,Redmi 1 W,7.11.16,4.4,China,developer,recovery,2018-09-26 09:35:30,441M,203,https://mifirm.net/downloadzip/553,https://mifirm.net/model/HM2013023.ttt,22e01b1d7f41ad983d8779ee4eee3bd7c25edb78c3440e3ad5667132b3db6ade,2026-09-02T11:17:21.489322+00:00
HM2013023,Redmi 1 W,7.4.27,4.4,China,developer,recovery,2018-09-26 09:35:30,646M,57,https://mifirm.net/downloadzip/554,https://mifirm.net/model/HM2013023.ttt,22e01b1d7f41ad983d8779ee4eee3bd7c25edb78c3440e3ad5667132b3db6ade,2026-09-02T11:17:21.489322+00:00
HM2013023,Redmi 1 W,7.4.27,4.4,China,developer,fastboot,2018-09-07 09:43:10,967M,625,https://mifirm.net/download/568,https://mifirm.net/model/HM2013023.ttt,22e01b1d7f41ad983d8779ee4eee3bd7c25edb78c3440e3ad5667132b3db6ade,2026-09-02T11:17:21.489322+00:00
HM2014011,Redmi 1S TD,V9.2.2.0.KHFCNEK,4.4,China,stable,fastboot,2018-09-07 09:43:28,1017M,1200,https://mifirm.net/download/570,https://mifirm.net/model/HM2014011.ttt,40aa1cad0902b749e750c95e0532a1948dac44362a770090833e0d18e9d8e46b,2026-09-02T11:17:23.811743+00:00
HM2014011,Redmi 1S TD,V9.2.2.0.KHFCNEK,4.4,China,stable,recovery,2018-09-07 09:43:28,528M,230,https://mifirm.net/downloadzip/188,https://mifirm.net/model/HM2014011.ttt,40aa1cad0902b749e750c95e0532a1948dac44362a770090833e0d18e9d8e46b,2026-09-02T11:17:23.811743+00:00
HM2014501,Redmi 1S 4G,V9.2.2.0.KHHCNEK,4.4,China,stable,fastboot,2018-09-07 09:43:22,1.1G,1882,https://mifirm.net/download/569,https://mifirm.net/model/HM2014501.ttt,0df3c9ac797800be81c0534c8c9e997550f2001ebc370d7e67f806cd2e8dc250,2026-09-02T11:17:22.602236+00:00
HM2014501,Redmi 1S 4G,V9.2.2.0.KHHCNEK,4.4,China,stable,recovery,2018-09-07 09:43:22,536M,191,https://mifirm.net/downloadzip/187,https://mifirm.net/model/HM2014501.ttt,0df3c9ac797800be81c0534c8c9e997550f2001ebc370d7e67f806cd2e8dc250,2026-09-02T11:17:22.602236+00:00
agate,Xiaomi 11T,V816.0.16.0.UKWTRXM,14.0,Turkey,stable,fastboot,2025-10-23 11:18:05,5.6G,534,https://mifirm.net/download/18928,https://mifirm.net/model/agate.ttt,de01644c42fbe09e41e1b9098cd623956a946ee9869d362b92505b0c58407047,2026-09-02T11:14:49.601288+00:00
agate,Xiaomi 11T,OS1.0.16.0.UKWTRXM,14.0,Turkey,stable,recovery,2025-10-18 07:06:14,4.6G,36,https://mifirm.net/downloadzip/25225,https://mifirm.net/model/agate.ttt,de01644c42fbe09e41e1b9098cd623956a946ee9869d362b92505b0c58407047,2026-09-02T11:14:49.601288+00:00
agate,Xiaomi 11T,V816.0.15.0.UKWTRXM,14.0,Turkey,stable,fastboot,2025-09-25 00:24:04,5.6G,47,https://mifirm.net/download/18531,https://mifirm.net/model/agate.ttt,de01644c42fbe09e41e1b9098cd623956a946ee9869d362b92505b0c58407047,2026-09-02T11:14:49.601288+00:00
agate,Xiaomi 11T,V816.0.15.0.UKWTWXM,14.0,Taiwan,stable,fastboot,2025-09-23 18:24:04,5.3G,266,https://mifirm.net/download/18520,https://mifirm.net/model/agate.ttt,de01644c42fbe09e41e1b9098cd623956a946ee9869d362b92505b0c58407047,2026-09-02T11:14:49.601288+00:00
agate,Xiaomi 11T,V816.0.19.0.UKWEUXM,14.0,EEA,stable,fastboot,2025-09-23 18:24:03,5.7G,1047,https://mifirm.net/download/18519,https://mifirm.net/model/agate.ttt,de01644c42fbe09e41e1b9098cd623956a946ee9869d362b92505b0c58407047,2026-09-02T11:14:49.601288+00:00
agate,Xiaomi 11T,OS1.0.15.0.UKWTRXM,14.0,Turkey,stable,recovery,2025-09-20 00:00:15,4.6G,11,https://mifirm.net/downloadzip/24839,https://mifirm.net/model/agate.ttt,de01644c42fbe09e41e1b9098cd623956a946ee9869d362b92505b0c58407047,2026-09-02T11:14:49.601288+00:00
agate,Xiaomi 11T,OS1.0.15.0.UKWTWXM,14.0,Taiwan,stable,recovery,2025-09-18 17:54:14,4.4G,37,https://mifirm.net/downloadzip/24810,https://mifirm.net/model/agate.ttt,de01644c42fbe09e41e1b9098cd623956a946ee9869d362b92505b0c58407047,2026-09-02T11:14:49.601288+00:00
agate,Xiaomi 11T,OS1.0.19.0.UKWEUXM,14.0,EEA,stable,recovery,2025-09-16 05:54:10,4.6G,215,https://mifirm.net/downloadzip/24773,https://mifirm.net/model/agate.ttt,de01644c42fbe09e41e1b9098cd623956a946ee9869d362b92505b0c58407047,2026-09-02T11:14:49.601288+00:00
agate,Xiaomi 11T,V816.0.14.0.UKWIDXM,14.0,Indo,stable,fastboot,2025-08-29 17:24:03,5.7G,988,https://mifirm.net/download/18189,https://mifirm.net/model/agate.ttt,de01644c42fbe09e41e1b9098cd623956a946ee9869d362b92505b0c58407047,2026-09-02T11:14:49.601288+00:00
agate,Xiaomi 11T,V816.0.14.0.UKWTWXM,14.0,Taiwan,stable,fastboot,2025-08-28 11:36:04,5.3G,46,https://mifirm.net/download/18143,https://mifirm.net/model/agate.ttt,de01644c42fbe09e41e1b9098cd623956a946ee9869d362b92505b0c58407047,2026-09-02T11:14:49.601288+00:00
agate,Xiaomi 11T,V816.0.14.0.UKWTRXM,14.0,Turkey,stable,fastboot,2025-08-28 11:36:04,5.6G,39,https://mifirm.net/download/18144,https://mifirm.net/model/agate.ttt,de01644c42fbe09e41e1b9098cd623956a946ee9869d362b92505b0c58407047,2026-09-02T11:14:49.601288+00:00
agate,Xiaomi 11T,OS1.0.14.0.UKWTRXM,14.0,Turkey,stable,recovery,2025-08-24 17:36:14,4.6G,5,https://mifirm.net/downloadzip/24474,https://mifirm.net/model/agate.ttt,de01644c42fbe09e41e1b9098cd623956a946ee9869d362b92505b0c58407047,2026-09-02T11:14:49.601288+00:00
agate,Xiaomi 11T,OS1.0.14.0.UKWTWXM,14.0,Taiwan,stable,recovery,2025-08-24 17:36:13,4.4G,6,https://mifirm.net/downloadzip/24473,https://mifirm.net/model/agate.ttt,de01644c42fbe09e41e1b9098cd623956a946ee9869d362b92505b0c58407047,2026-09-02T11:14:49.601288+00:00
agate,Xiaomi 11T,OS1.0.14.0.UKWIDXM,14.0,Indo,stable,recovery,2025-08-24 17:36:09,4.6G,107,https://mifirm.net/downloadzip/24472,https://mifirm.net/model/agate.ttt,de01644c42fbe09e41e1b9098cd623956a946ee9869d362b92505b0c58407047,2026-09-02T11:14:49.601288+00:00
agate,Xiaomi 11T,V816.0.17.0.UKWEUXM,14.0,EEA,stable,fastboot,2025-08-18 13:00:04,5.8G,110,https://mifirm.net/download/18050,https://mifirm.net/model/agate.ttt,de01644c42fbe09e41e1b9098cd623956a946ee9869d362b92505b0c58407047,2026-09-02T11:14:49.601288+00:00
agate,Xiaomi 11T,V816.0.15.0.UKWRUXM,14.0,Russian,stable,fastboot,2025-08-18 13:00:02,5.7G,303,https://mifirm.net/download/18049,https://mifirm.net/model/agate.ttt,de01644c42fbe09e41e1b9098cd623956a946ee9869d362b92505b0c58407047,2026-09-02T11:14:49.601288+00:00
agate,Xiaomi 11T,V816.0.17.0.UKWMIXM,14.0,Global,stable,fastboot,2025-08-18 13:00:01,6.0G,14882,https://mifirm.net/download/18048,https://mifirm.net/model/agate.ttt,de01644c42fbe09e41e1b9098cd623956a946ee9869d362b92505b0c58407047,2026-09-02T11:14:49.601288+00:00
agate,Xiaomi 11T,OS1.0.17.0.UKWEUXM,14.0,EEA,stable,recovery,2025-08-12 08:42:10,4.6G,37,https://mifirm.net/downloadzip/24316,https://mifirm.net/model/agate.ttt,de01644c42fbe09e41e1b9098cd623956a946ee9869d362b92505b0c58407047,2026-09-02T11:14:49.601288+00:00
agate,Xiaomi 11T,OS1.0.17.0.UKWMIXM,14.0,Global,stable,recovery,2025-08-12 08:42:05,4.7G,818,https://mifirm.net/downloadzip/24315,https://mifirm.net/model/agate.ttt,de01644c42fbe09e41e1b9098cd623956a946ee9869d362b92505b0c58407047,2026-09-02T11:14:49.601288+00:00
agate,Xiaomi 11T,OS1.0.15.0.UKWRUXM,14.0,Russian,stable,recovery,2025-08-08 16:42:08,4.6G,21,https://mifirm.net/downloadzip/24295,https://mifirm.net/model/agate.ttt,de01644c42fbe09e41e1b9098cd623956a946ee9869d362b92505b0c58407047,2026-09-02T11:14:49.601288+00:00
agate,Xiaomi 11T,V816.0.16.0.UKWMIXM,14.0,Global,stable,fastboot,2025-07-29 20:18:01,6.0G,1697,https://mifirm.net/download/17879,https://mifirm.net/model/agate.ttt,de01644c42fbe09e41e1b9098cd623956a946ee9869d362b92505b0c58407047,2026-09-02T11:14:49.601288+00:00
agate,Xiaomi 11T,V816.0.13.0.UKWIDXM,14.0,Indo,stable,fastboot,2025-07-28 15:00:02,5.7G,151,https://mifirm.net/download/17846,https://mifirm.net/model/agate.ttt,de01644c42fbe09e41e1b9098cd623956a946ee9869d362b92505b0c58407047,2026-09-02T11:14:49.601288+00:00
agate,Xiaomi 11T,OS1.0.13.0.UKWIDXM,14.0,Indo,stable,recovery,2025-07-22 11:00:10,4.6G,10,https://mifirm.net/downloadzip/24115,https://mifirm.net/model/agate.ttt,de01644c42fbe09e41e1b9098cd623956a946ee9869d362b92505b0c58407047,2026-09-02T11:14:49.601288+00:00
agate,Xiaomi 11T,OS1.0.16.0.UKWMIXM,14.0,Global,stable,recovery,2025-07-22 11:00:06,4.7G,78,https://mifirm.net/downloadzip/24114,https://mifirm.net/model/agate.ttt,de01644c42fbe09e41e1b9098cd623956a946ee9869d362b92505b0c58407047,2026-09-02T11:14:49.601288+00:00
agate,Xiaomi 11T,V816.0.14.0.UKWRUXM,14.0,Russian,stable,fastboot,2025-07-22 11:00:03,5.7G,29,https://mifirm.net/download/17776,https://mifirm.net/model/agate.ttt,de01644c42fbe09e41e1b9098cd623956a946ee9869d362b92505b0c58407047,2026-09-02T11:14:49.601288+00:00
agate,Xiaomi 11T,V816.0.13.0.UKWTWXM,14.0,Taiwan,stable,fastboot,2025-07-17 12:36:04,5.3G,46,https://mifirm.net/download/17725,https://mifirm.net/model/agate.ttt,de01644c42fbe09e41e1b9098cd623956a946ee9869d362b92505b0c58407047,2026-09-02T11:14:49.601288+00:00
agate,Xiaomi 11T,V816.0.13.0.UKWTRXM,14.0,Turkey,stable,fastboot,2025-07-17 12:36:04,5.6G,127,https://mifirm.net/download/17726,https://mifirm.net/model/agate.ttt,de01644c42fbe09e41e1b9098cd623956a946ee9869d362b92505b0c58407047,2026-09-02T11:14:49.601288+00:00
agate,Xiaomi 11T,V816.0.16.0.UKWEUXM,14.0,EEA,stable,fastboot,2025-07-15 01:42:03,5.8G,177,https://mifirm.net/download/17696,https://mifirm.net/model/agate.ttt,de01644c42fbe09e41e1b9098cd623956a946ee9869d362b92505b0c58407047,2026-09-02T11:14:49.601288+00:00
agate,Xiaomi 11T,OS1.0.13.0.UKWTRXM,14.0,Turkey,stable,recovery,2025-07-12 14:48:16,4.6G,4,https://mifirm.net/downloadzip/23992,https://mifirm.net/model/agate.ttt,de01644c42fbe09e41e1b9098cd623956a946ee9869d362b92505b0c58407047,2026-09-02T11:14:49.601288+00:00
agate,Xiaomi 11T,OS1.0.13.0.UKWTWXM,14.0,Taiwan,stable,recovery,2025-07-12 14:48:13,4.4G,7,https://mifirm.net/downloadzip/23991,https://mifirm.net/model/agate.ttt,de01644c42fbe09e41e1b9098cd623956a946ee9869d362b92505b0c58407047,2026-09-02T11:14:49.601288+00:00
agate,Xiaomi 11T,OS1.0.14.0.UKWRUXM,14.0,Russian,stable,recovery,2025-07-12 14:48:07,4.6G,4,https://mifirm.net/downloadzip/23990,https://mifirm.net/model/agate.ttt,de01644c42fbe09e41e1b9098cd623956a946ee9869d362b92505b0c58407047,2026-09-02T11:14:49.601288+00:00
agate,Xiaomi 11T,OS1.0.16.0.UKWEUXM,14.0,EEA,stable,recovery,2025-07-07 17:00:11,4.6G,32,https://mifirm.net/downloadzip/23938,https://mifirm.net/model/agate.ttt,de01644c42fbe09e41e1b9098cd623956a946ee9869d362b92505b0c58407047,2026-09-02T11:14:49.601288+00:00
agate,Xiaomi 11T,V816.0.15.0.UKWEUXM,14.0,EEA,stable,fastboot,2025-06-25 12:12:03,5.8G,129,https://mifirm.net/download/17458,https://mifirm.net/model/agate.ttt,de01644c42fbe09e41e1b9098cd623956a946ee9869d362b92505b0c58407047,2026-09-02T11:14:49.601288+00:00
agate,Xiaomi 11T,V816.0.12.0.UKWIDXM,14.0,Indo,stable,fastboot,2025-06-06 02:12:03,5.7G,188,https://mifirm.net/download/17226,https://mifirm.net/model/agate.ttt,de01644c42fbe09e41e1b9098cd623956a946ee9869d362b92505b0c58407047,2026-09-02T11:14:49.601288+00:00
agate,Xiaomi 11T,V816.0.15.0.UKWMIXM,14.0,Global,stable,fastboot,2025-06-03 15:36:02,6.0G,569,https://mifirm.net/download/17202,https://mifirm.net/model/agate.ttt,de01644c42fbe09e41e1b9098cd623956a946ee9869d362b92505b0c58407047,2026-09-02T11:14:49.601288+00:00
agate,Xiaomi 11T,V816.0.12.0.UKWRUXM,14.0,Russian,stable,fastboot,2025-05-28 14:30:02,5.7G,69,https://mifirm.net/download/17076,https://mifirm.net/model/agate.ttt,de01644c42fbe09e41e1b9098cd623956a946ee9869d362b92505b0c58407047,2026-09-02T11:14:49.601288+00:00
agate,Xiaomi 11T,OS1.0.15.0.UKWEUXM,14.0,EEA,stable,recovery,2025-05-27 09:36:11,4.6G,27,https://mifirm.net/downloadzip/23424,https://mifirm.net/model/agate.ttt,de01644c42fbe09e41e1b9098cd623956a946ee9869d362b92505b0c58407047,2026-09-02T11:14:49.601288+00:00
agate,Xiaomi 11T,OS1.0.12.0.UKWIDXM,14.0,Indo,stable,recovery,2025-05-27 09:36:09,4.6G,39,https://mifirm.net/downloadzip/23423,https://mifirm.net/model/agate.ttt,de01644c42fbe09e41e1b9098cd623956a946ee9869d362b92505b0c58407047,2026-09-02T11:14:49.601288+00:00
agate,Xiaomi 11T,OS1.0.15.0.UKWMIXM,14.0,Global,stable,recovery,2025-05-21 09:24:05,4.7G,204,https://mifirm.net/downloadzip/23297,https://mifirm.net/model/agate.ttt,de01644c42fbe09e41e1b9098cd623956a946ee9869d362b92505b0c58407047,2026-09-02T11:14:49.601288+00:00
agate,Xiaomi 11T,OS1.0.12.0.UKWRUXM,14.0,Russian,stable,recovery,2025-05-20 04:48:12,4.6G,4,https://mifirm.net/downloadzip/23264,https://mifirm.net/model/agate.ttt,de01644c42fbe09e41e1b9098cd623956a946ee9869d362b92505b0c58407047,2026-09-02T11:14:49.601288+00:00
agate,Xiaomi 11T,V816.0.11.0.UKWTRXM,14.0,Turkey,stable,fastboot,2025-05-20 04:48:10,5.6G,95,https://mifirm.net/download/16927,https://mifirm.net/model/agate.ttt,de01644c42fbe09e41e1b9098cd623956a946ee9869d362b92505b0c58407047,2026-09-02T11:14:49.601288+00:00
agate,Xiaomi 11T,V816.0.11.0.UKWTWXM,14.0,Taiwan,stable,fastboot,2025-05-17 19:42:04,5.3G,69,https://mifirm.net/download/16891,https://mifirm.net/model/agate.ttt,de01644c42fbe09e41e1b9098cd623956a946ee9869d362b92505b0c58407047,2026-09-02T11:14:49.601288+00:00
agate,Xiaomi 11T,OS1.0.11.0.UKWTRXM,14.0,Turkey,stable,recovery,2025-05-13 01:24:15,4.6G,4,https://mifirm.net/downloadzip/23173,https://mifirm.net/model/agate.ttt,de01644c42fbe09e41e1b9098cd623956a946ee9869d362b92505b0c58407047,2026-09-02T11:14:49.601288+00:00
agate,Xiaomi 11T,OS1.0.11.0.UKWTWXM,14.0,Taiwan,stable,recovery,2025-05-13 01:24:13,4.4G,18,https://mifirm.net/downloadzip/23172,https://mifirm.net/model/agate.ttt,de01644c42fbe09e41e1b9098cd623956a946ee9869d362b92505b0c58407047,2026-09-02T11:14:49.601288+00:00
agate,Xiaomi 11T,V816.0.14.0.UKWEUXM,14.0,EEA,stable,fastboot,2025-05-13 01:24:04,5.8G,162,https://mifirm.net/download/16812,https://mifirm.net/model/agate.ttt,de01644c42fbe09e41e1b9098cd623956a946ee9869d362b92505b0c58407047,2026-09-02T11:14:49.601288+00:00
agate,Xiaomi 11T,V816.0.11.0.UKWIDXM,14.0,Indo,stable,fastboot,2025-05-09 11:24:03,5.7G,92,https://mifirm.net/download/16788,https://mifirm.net/model/agate.ttt,de01644c42fbe09e41e1b9098cd623956a946ee9869d362b92505b0c58407047,2026-09-02T11:14:49.601288+00:00
agate,Xiaomi 11T,OS1.0.11.0.UKWIDXM,14.0,Indo,stable,recovery,2025-05-07 02:24:09,4.6G,4,https://mifirm.net/downloadzip/23092,https://mifirm.net/model/agate.ttt,de01644c42fbe09e41e1b9098cd623956a946ee9869d362b92505b0c58407047,2026-09-02T11:14:49.601288+00:00
agate,Xiaomi 11T,V816.0.14.0.UKWMIXM,14.0,Global,stable,fastboot,2025-05-07 02:24:01,6.0G,4827,https://mifirm.net/download/16746,https://mifirm.net/model/agate.ttt,de01644c42fbe09e41e1b9098cd623956a946ee9869d362b92505b0c58407047,2026-09-02T11:14:49.601288+00:00
agate,Xiaomi 11T,OS1.0.14.0.UKWEUXM,14.0,EEA,stable,recovery,2025-05-03 11:30:10,4.6G,21,https://mifirm.net/downloadzip/23053,https://mifirm.net/model/agate.ttt,de01644c42fbe09e41e1b9098cd623956a946ee9869d362b92505b0c58407047,2026-09-02T11:14:49.601288+00:00
agate,Xiaomi 11T,OS1.0.14.0.UKWMIXM,14.0,Global,stable,recovery,2025-04-28 17:00:05,4.7G,46,https://mifirm.net/downloadzip/22998,https://mifirm.net/model/agate.ttt,de01644c42fbe09e41e1b9098cd623956a946ee9869d362b92505b0c58407047,2026-09-02T11:14:49.601288+00:00
agate,Xiaomi 11T,V816.0.12.0.UKWEUXM,14.0,EEA,stable,fastboot,2025-04-23 22:12:04,5.8G,96,https://mifirm.net/download/16536,https://mifirm.net/model/agate.ttt,de01644c42fbe09e41e1b9098cd623956a946ee9869d362b92505b0c58407047,2026-09-02T11:14:49.601288+00:00
agate,Xiaomi 11T,V816.0.10.0.UKWTWXM,14.0,Taiwan,stable,fastboot,2025-04-16 19:06:04,5.3G,40,https://mifirm.net/download/16450,https://mifirm.net/model/agate.ttt,de01644c42fbe09e41e1b9098cd623956a946ee9869d362b92505b0c58407047,2026-09-02T11:14:49.601288+00:00
agate,Xiaomi 11T,V816.0.10.0.UKWTRXM,14.0,Turkey,stable,fastboot,2025-04-16 19:06:04,5.7G,69,https://mifirm.net/download/16451,https://mifirm.net/model/agate.ttt,de01644c42fbe09e41e1b9098cd623956a946ee9869d362b92505b0c58407047,2026-09-02T11:14:49.601288+00:00
agate,Xiaomi 11T,V816.0.11.0.UKWRUXM,14.0,Russian,stable,fastboot,2025-04-16 19:06:02,5.7G,111,https://mifirm.net/download/16449,https://mifirm.net/model/agate.ttt,de01644c42fbe09e41e1b9098cd623956a946ee9869d362b92505b0c58407047,2026-09-02T11:14:49.601288+00:00
agate,Xiaomi 11T,V816.0.10.0.UKWIDXM,14.0,Indo,stable,fastboot,2025-04-15 14:30:03,5.8G,113,https://mifirm.net/download/16440,https://mifirm.net/model/agate.ttt,de01644c42fbe09e41e1b9098cd623956a946ee9869d362b92505b0c58407047,2026-09-02T11:14:49.601288+00:00
agate,Xiaomi 11T,OS1.0.10.0.UKWTRXM,14.0,Turkey,stable,recovery,2025-04-12 00:48:14,4.6G,2,https://mifirm.net/downloadzip/22760,https://mifirm.net/model/agate.ttt,de01644c42fbe09e41e1b9098cd623956a946ee9869d362b92505b0c58407047,2026-09-02T11:14:49.601288+00:00
agate,Xiaomi 11T,OS1.0.10.0.UKWTWXM,14.0,Taiwan,stable,recovery,2025-04-12 00:48:13,4.4G,3,https://mifirm.net/downloadzip/22759,https://mifirm.net/model/agate.ttt,de01644c42fbe09e41e1b9098cd623956a946ee9869d362b92505b0c58407047,2026-09-02T11:14:49.601288+00:00
agate,Xiaomi 11T,V816.0.13.0.UKWMIXM,14.0,Global,stable,fastboot,2025-04-12 00:48:01,5.9G,1727,https://mifirm.net/download/16388,https://mifirm.net/model/agate.ttt,de01644c42fbe09e41e1b9098cd623956a946ee9869d362b92505b0c58407047,2026-09-02T11:14:49.601288+00:00
agate,Xiaomi 11T,OS1.0.12.0.UKWEUXM,14.0,EEA,stable,recovery,2025-04-08 11:12:10,4.6G,29,https://mifirm.net/downloadzip/22712,https://mifirm.net/model/agate.ttt,de01644c42fbe09e41e1b9098cd623956a946ee9869d362b92505b0c58407047,2026-09-02T11:14:49.601288+00:00
agate,Xiaomi 11T,OS1.0.11.0.UKWRUXM,14.0,Russian,stable,recovery,2025-04-08 11:12:06,4.6G,7,https://mifirm.net/downloadzip/22711,https://mifirm.net/model/agate.ttt,de01644c42fbe09e41e1b9098cd623956a946ee9869d362b92505b0c58407047,2026-09-02T11:14:49.601288+00:00
agate,Xiaomi 11T,OS1.0.10.0.UKWIDXM,14.0,Indo,stable,recovery,2025-04-07 06:30:08,4.6G,7,https://mifirm.net/downloadzip/22671,https://mifirm.net/model/agate.ttt,de01644c42fbe09e41e1b9098cd623956a946ee9869d362b92505b0c58407047,2026-09-02T11:14:49.601288+00:00
agate,Xiaomi 11T,OS1.0.13.0.UKWMIXM,14.0,Global,stable,recovery,2025-04-02 11:54:04,4.7G,34,https://mifirm.net/downloadzip/22629,https://mifirm.net/model/agate.ttt,de01644c42fbe09e41e1b9098cd623956a946ee9869d362b92505b0c58407047,2026-09-02T11:14:49.601288+00:00
agate,Xiaomi 11T,V816.0.10.0.UKWRUXM,14.0,Russian,stable,fastboot,2025-03-19 06:18:02,5.7G,47,https://mifirm.net/download/16034,https://mifirm.net/model/agate.ttt,de01644c42fbe09e41e1b9098cd623956a946ee9869d362b92505b0c58407047,2026-09-02T11:14:49.601288+00:00
agate,Xiaomi 11T,V816.0.9.0.UKWTWXM,14.0,Taiwan,stable,fastboot,2025-03-13 07:18:04,5.3G,64,https://mifirm.net/download/15955,https://mifirm.net/model/agate.ttt,de01644c42fbe09e41e1b9098cd623956a946ee9869d362b92505b0c58407047,2026-09-02T11:14:49.601288+00:00
agate,Xiaomi 11T,V816.0.9.0.UKWTRXM,14.0,Turkey,stable,fastboot,2025-03-13 07:18:04,5.7G,85,https://mifirm.net/download/15956,https://mifirm.net/model/agate.ttt,de01644c42fbe09e41e1b9098cd623956a946ee9869d362b92505b0c58407047,2026-09-02T11:14:49.601288+00:00
agate,Xiaomi 11T,V816.0.9.0.UKWIDXM,14.0,Indo,stable,fastboot,2025-03-13 07:18:03,5.8G,127,https://mifirm.net/download/15954,https://mifirm.net/model/agate.ttt,de01644c42fbe09e41e1b9098cd623956a946ee9869d362b92505b0c58407047,2026-09-02T11:14:49.601288+00:00
agate,Xiaomi 11T,OS1.0.9.0.UKWTWXM,14.0,Taiwan,stable,fastboot,2025-03-13 03:30:06,5.29 GB,26,https://mifirm.net/download/15950,https://mifirm.net/model/agate.ttt,de01644c42fbe09e41e1b9098cd623956a946ee9869d362b92505b0c58407047,2026-09-02T11:14:49.601288+00:00
agate,Xiaomi 11T,OS1.0.9.0.UKWIDXM,14.0,Indo,stable,fastboot,2025-03-13 03:30:06,5.8 GB,70,https://mifirm.net/download/15949,https://mifirm.net/model/agate.ttt,de01644c42fbe09e41e1b9098cd623956a946ee9869d362b92505b0c58407047,2026-09-02T11:14:49.601288+00:00
agate,Xiaomi 11T,OS1.0.10.0.UKWRUXM,14.0,Russian,stable,recovery,2025-03-10 21:36:07,4.6G,8,https://mifirm.net/downloadzip/22303,https://mifirm.net/model/agate.ttt,de01644c42fbe09e41e1b9098cd623956a946ee9869d362b92505b0c58407047,2026-09-02T11:14:49.601288+00:00
agate,Xiaomi 11T,V816.0.11.0.UKWEUXM,14.0,EEA,stable,fastboot,2025-03-08 12:24:04,5.8G,192,https://mifirm.net/download/15855,https://mifirm.net/model/agate.ttt,de01644c42fbe09e41e1b9098cd623956a946ee9869d362b92505b0c58407047,2026-09-02T11:14:49.601288+00:00
agate,Xiaomi 11T,V816.0.12.0.UKWMIXM,14.0,Global,stable,fastboot,2025-03-08 12:24:02,5.9G,2188,https://mifirm.net/download/15854,https://mifirm.net/model/agate.ttt,de01644c42fbe09e41e1b9098cd623956a946ee9869d362b92505b0c58407047,2026-09-02T11:14:49.601288+00:00
agate,Xiaomi 11T,OS1.0.9.0.UKWTWXM,14.0,Taiwan,stable,recovery,2025-03-07 07:54:14,4.4G,5,https://mifirm.net/downloadzip/22251,https://mifirm.net/model/agate.ttt,de01644c42fbe09e41e1b9098cd623956a946ee9869d362b92505b0c58407047,2026-09-02T11:14:49.601288+00:00
agate,Xiaomi 11T,OS1.0.9.0.UKWTRXM,14.0,Turkey,stable,recovery,2025-03-07 07:54:14,4.6G,6,https://mifirm.net/downloadzip/22252,https://mifirm.net/model/agate.ttt,de01644c42fbe09e41e1b9098cd623956a946ee9869d362b92505b0c58407047,2026-09-02T11:14:49.601288+00:00
agate,Xiaomi 11T,OS1.0.9.0.UKWIDXM,14.0,Indo,stable,recovery,2025-03-07 07:54:09,4.6G,11,https://mifirm.net/downloadzip/22250,https://mifirm.net/model/agate.ttt,de01644c42fbe09e41e1b9098cd623956a946ee9869d362b92505b0c58407047,2026-09-02T11:14:49.601288+00:00
agate,Xiaomi 11T,OS1.0.11.0.UKWEUXM,14.0,EEA,stable,recovery,2025-03-01 09:48:10,4.6G,17,https://mifirm.net/downloadzip/22118,https://mifirm.net/model/agate.ttt,de01644c42fbe09e41e1b9098cd623956a946ee9869d362b92505b0c58407047,2026-09-02T11:14:49.601288+00:00
agate,Xiaomi 11T,OS1.0.12.0.UKWMIXM,14.0,Global,stable,recovery,2025-02-28 05:36:05,4.7G,48,https://mifirm.net/downloadzip/22101,https://mifirm.net/model/agate.ttt,de01644c42fbe09e41e1b9098cd623956a946ee9869d362b92505b0c58407047,2026-09-02T11:14:49.601288+00:00
agate,Xiaomi 11T,V816.0.10.0.UKWEUXM,14.0,EEA,stable,fastboot,2025-02-12 22:18:04,5.8G,119,https://mifirm.net/download/15506,https://mifirm.net/model/agate.ttt,de01644c42fbe09e41e1b9098cd623956a946ee9869d362b92505b0c58407047,2026-09-02T11:14:49.601288+00:00
agate,Xiaomi 11T,OS1.0.8.0.UKWTWXM,14.0,Taiwan,stable,fastboot,2025-02-11 03:30:06,5.3 GB,16,https://mifirm.net/download/15484,https://mifirm.net/model/agate.ttt,de01644c42fbe09e41e1b9098cd623956a946ee9869d362b92505b0c58407047,2026-09-02T11:14:49.601288+00:00
agate,Xiaomi 11T,V816.0.8.0.UKWTWXM,14.0,Taiwan,stable,fastboot,2025-02-10 13:48:04,5.3G,36,https://mifirm.net/download/15461,https://mifirm.net/model/agate.ttt,de01644c42fbe09e41e1b9098cd623956a946ee9869d362b92505b0c58407047,2026-09-02T11:14:49.601288+00:00
agate,Xiaomi 11T,V816.0.8.0.UKWIDXM,14.0,Indo,stable,fastboot,2025-02-09 09:42:03,5.8G,144,https://mifirm.net/download/15458,https://mifirm.net/model/agate.ttt,de01644c42fbe09e41e1b9098cd623956a946ee9869d362b92505b0c58407047,2026-09-02T11:14:49.601288+00:00
agate,Xiaomi 11T,V816.0.9.0.UKWRUXM,14.0,Russian,stable,fastboot,2025-02-09 09:42:02,5.7G,62,https://mifirm.net/download/15457,https://mifirm.net/model/agate.ttt,de01644c42fbe09e41e1b9098cd623956a946ee9869d362b92505b0c58407047,2026-09-02T11:14:49.601288+00:00
agate,Xiaomi 11T,OS1.0.9.0.UKWRUXM,14.0,Russian,stable,fastboot,2025-02-09 03:30:05,5.73 GB,28,https://mifirm.net/download/15452,https://mifirm.net/model/agate.ttt,de01644c42fbe09e41e1b9098cd623956a946ee9869d362b92505b0c58407047,2026-09-02T11:14:49.601288+00:00
agate,Xiaomi 11T,OS1.0.8.0.UKWIDXM,14.0,Indo,stable,fastboot,2025-02-09 03:30:04,5.81 GB,24,https://mifirm.net/download/15451,https://mifirm.net/model/agate.ttt,de01644c42fbe09e41e1b9098cd623956a946ee9869d362b92505b0c58407047,2026-09-02T11:14:49.601288+00:00
agate,Xiaomi 11T,V816.0.8.0.UKWTRXM,14.0,Turkey,stable,fastboot,2025-02-07 01:12:04,5.7G,79,https://mifirm.net/download/15421,https://mifirm.net/model/agate.ttt,de01644c42fbe09e41e1b9098cd623956a946ee9869d362b92505b0c58407047,2026-09-02T11:14:49.601288+00:00
agate,Xiaomi 11T,OS1.0.8.0.UKWTWXM,14.0,Taiwan,stable,recovery,2025-02-05 21:06:11,4.4G,3,https://mifirm.net/downloadzip/21812,https://mifirm.net/model/agate.ttt,de01644c42fbe09e41e1b9098cd623956a946ee9869d362b92505b0c58407047,2026-09-02T11:14:49.601288+00:00
agate,Xiaomi 11T,V816.0.11.0.UKWMIXM,14.0,Global,stable,fastboot,2025-02-05 21:06:01,6.0G,1913,https://mifirm.net/download/15386,https://mifirm.net/model/agate.ttt,de01644c42fbe09e41e1b9098cd623956a946ee9869d362b92505b0c58407047,2026-09-02T11:14:49.601288+00:00
agate,Xiaomi 11T,OS1.0.8.0.UKWTRXM,14.0,Turkey,stable,recovery,2025-01-26 09:06:14,4.6G,6,https://mifirm.net/downloadzip/21786,https://mifirm.net/model/agate.ttt,de01644c42fbe09e41e1b9098cd623956a946ee9869d362b92505b0c58407047,2026-09-02T11:14:49.601288+00:00
agate,Xiaomi 11T,OS1.0.10.0.UKWEUXM,14.0,EEA,stable,recovery,2025-01-26 09:06:10,4.6G,28,https://mifirm.net/downloadzip/21785,https://mifirm.net/model/agate.ttt,de01644c42fbe09e41e1b9098cd623956a946ee9869d362b92505b0c58407047,2026-09-02T11:14:49.601288+00:00
agate,Xiaomi 11T,OS1.0.8.0.UKWIDXM,14.0,Indo,stable,recovery,2025-01-26 09:06:10,4.6G,18,https://mifirm.net/downloadzip/21784,https://mifirm.net/model/agate.ttt,de01644c42fbe09e41e1b9098cd623956a946ee9869d362b92505b0c58407047,2026-09-02T11:14:49.601288+00:00
agate,Xiaomi 11T,OS1.0.9.0.UKWRUXM,14.0,Russian,stable,recovery,2025-01-26 09:06:06,4.6G,6,https://mifirm.net/downloadzip/21783,https://mifirm.net/model/agate.ttt,de01644c42fbe09e41e1b9098cd623956a946ee9869d362b92505b0c58407047,2026-09-02T11:14:49.601288+00:00
agate,Xiaomi 11T,OS1.0.11.0.UKWMIXM,14.0,Global,stable,recovery,2025-01-22 21:00:05,4.7G,42,https://mifirm.net/downloadzip/21746,https://mifirm.net/model/agate.ttt,de01644c42fbe09e41e1b9098cd623956a946ee9869d362b92505b0c58407047,2026-09-02T11:14:49.601288+00:00
agate,Xiaomi 11T,OS1.0.7.0.UKWIDXM,14.0,Indo,stable,fastboot,2025-01-16 03:30:10,5.81 GB,11,https://mifirm.net/download/15193,https://mifirm.net/model/agate.ttt,de01644c42fbe09e41e1b9098cd623956a946ee9869d362b92505b0c58407047,2026-09-02T11:14:49.601288+00:00
agate,Xiaomi 11T,V816.0.7.0.UKWIDXM,14.0,Indo,stable,fastboot,2025-01-15 21:00:03,5.8G,72,https://mifirm.net/download/15157,https://mifirm.net/model/agate.ttt,de01644c42fbe09e41e1b9098cd623956a946ee9869d362b92505b0c58407047,2026-09-02T11:14:49.601288+00:00
agate,Xiaomi 11T,OS1.0.7.0.UKWIDXM,14.0,Indo,stable,recovery,2025-01-14 17:18:09,4.6G,5,https://mifirm.net/downloadzip/21616,https://mifirm.net/model/agate.ttt,de01644c42fbe09e41e1b9098cd623956a946ee9869d362b92505b0c58407047,2026-09-02T11:14:49.601288+00:00
agate,Xiaomi 11T,V816.0.10.0.UKWMIXM,14.0,Global,stable,fastboot,2025-01-13 14:00:02,6.0G,1408,https://mifirm.net/download/15052,https://mifirm.net/model/agate.ttt,de01644c42fbe09e41e1b9098cd623956a946ee9869d362b92505b0c58407047,2026-09-02T11:14:49.601288+00:00
agate,Xiaomi 11T,V816.0.9.0.UKWEUXM,14.0,EEA,stable,fastboot,2025-01-12 10:06:03,5.8G,168,https://mifirm.net/download/14764,https://mifirm.net/model/agate.ttt,de01644c42fbe09e41e1b9098cd623956a946ee9869d362b92505b0c58407047,2026-09-02T11:14:49.601288+00:00
agate,Xiaomi 11T,V816.0.7.0.UKWTWXM,14.0,Taiwan,stable,fastboot,2025-01-12 10:06:03,5.3G,47,https://mifirm.net/download/14765,https://mifirm.net/model/agate.ttt,de01644c42fbe09e41e1b9098cd623956a946ee9869d362b92505b0c58407047,2026-09-02T11:14:49.601288+00:00
agate,Xiaomi 11T,V816.0.7.0.UKWTRXM,14.0,Turkey,stable,fastboot,2025-01-12 10:06:03,5.7G,91,https://mifirm.net/download/14766,https://mifirm.net/model/agate.ttt,de01644c42fbe09e41e1b9098cd623956a946ee9869d362b92505b0c58407047,2026-09-02T11:14:49.601288+00:00
agate,Xiaomi 11T,V816.0.8.0.UKWRUXM,14.0,Russian,stable,fastboot,2025-01-12 10:06:02,5.7G,61,https://mifirm.net/download/14762,https://mifirm.net/model/agate.ttt,de01644c42fbe09e41e1b9098cd623956a946ee9869d362b92505b0c58407047,2026-09-02T11:14:49.601288+00:00
agate,Xiaomi 11T,V816.0.6.0.UKWIDXM,14.0,Indo,stable,fastboot,2025-01-12 10:06:02,5.8G,20,https://mifirm.net/download/14763,https://mifirm.net/model/agate.ttt,de01644c42fbe09e41e1b9098cd623956a946ee9869d362b92505b0c58407047,2026-09-02T11:14:49.601288+00:00
agate,Xiaomi 11T,OS1.0.9.0.UKWEUXM,14.0,EEA,stable,fastboot,2025-01-11 03:02:16,5.82 GB,97,https://mifirm.net/download/14602,https://mifirm.net/model/agate.ttt,de01644c42fbe09e41e1b9098cd623956a946ee9869d362b92505b0c58407047,2026-09-02T11:14:49.601288+00:00
agate,Xiaomi 11T,OS1.0.7.0.UKWTWXM,14.0,Taiwan,stable,fastboot,2025-01-11 03:02:16,5.3 GB,5,https://mifirm.net/download/14603,https://mifirm.net/model/agate.ttt,de01644c42fbe09e41e1b9098cd623956a946ee9869d362b92505b0c58407047,2026-09-02T11:14:49.601288+00:00
agate,Xiaomi 11T,OS1.0.6.0.UKWIDXM,14.0,Indo,stable,fastboot,2025-01-11 03:02:16,5.8 GB,42,https://mifirm.net/download/14612,https://mifirm.net/model/agate.ttt,de01644c42fbe09e41e1b9098cd623956a946ee9869d362b92505b0c58407047,2026-09-02T11:14:49.601288+00:00
agate,Xiaomi 11T,OS1.0.8.0.UKWRUXM,14.0,Russian,stable,fastboot,2025-01-11 03:02:15,5.73 GB,4,https://mifirm.net/download/14599,https://mifirm.net/model/agate.ttt,de01644c42fbe09e41e1b9098cd623956a946ee9869d362b92505b0c58407047,2026-09-02T11:14:49.601288+00:00
agate,Xiaomi 11T,OS1.0.6.0.UKWIDXM,14.0,Indo,stable,fastboot,2025-01-11 03:02:15,5.8 GB,16,https://mifirm.net/download/14601,https://mifirm.net/model/agate.ttt,de01644c42fbe09e41e1b9098cd623956a946ee9869d362b92505b0c58407047,2026-09-02T11:14:49.601288+00:00
agate,Xiaomi 11T,OS1.0.7.0.UKWTRXM,14.0,Turkey,stable,recovery,2025-01-04 00:06:12,4.6G,26,https://mifirm.net/downloadzip/20623,https://mifirm.net/model/agate.ttt,de01644c42fbe09e41e1b9098cd623956a946ee9869d362b92505b0c58407047,2026-09-02T11:14:49.601288+00:00
agate,Xiaomi 11T,OS1.0.7.0.UKWTWXM,14.0,Taiwan,stable,recovery,2025-01-04 00:06:10,4.4G,23,https://mifirm.net/downloadzip/20622,https://mifirm.net/model/agate.ttt,de01644c42fbe09e41e1b9098cd623956a946ee9869d362b92505b0c58407047,2026-09-02T11:14:49.601288+00:00
agate,Xiaomi 11T,OS1.0.8.0.UKWRUXM,14.0,Russian,stable,recovery,2025-01-04 00:06:04,4.6G,29,https://mifirm.net/downloadzip/20621,https://mifirm.net/model/agate.ttt,de01644c42fbe09e41e1b9098cd623956a946ee9869d362b92505b0c58407047,2026-09-02T11:14:49.601288+00:00
agate,Xiaomi 11T,OS1.0.9.0.UKWEUXM,14.0,EEA,stable,recovery,2024-12-24 16:24:09,4.6G,124,https://mifirm.net/downloadzip/20508,https://mifirm.net/model/agate.ttt,de01644c42fbe09e41e1b9098cd623956a946ee9869d362b92505b0c58407047,2026-09-02T11:14:49.601288+00:00
agate,Xiaomi 11T,OS1.0.10.0.UKWMIXM,14.0,Global,stable,recovery,2024-12-24 16:24:04,4.7G,542,https://mifirm.net/downloadzip/20507,https://mifirm.net/model/agate.ttt,de01644c42fbe09e41e1b9098cd623956a946ee9869d362b92505b0c58407047,2026-09-02T11:14:49.601288+00:00
agate,Xiaomi 11T,OS1.0.6.0.UKWTRXM,14.0,Turkey,stable,recovery,2024-11-30 13:12:13,4.6G,7,https://mifirm.net/downloadzip/18640,https://mifirm.net/model/agate.ttt,de01644c42fbe09e41e1b9098cd623956a946ee9869d362b92505b0c58407047,2026-09-02T11:14:49.601288+00:00
agate,Xiaomi 11T,OS1.0.6.0.UKWTWXM,14.0,Taiwan,stable,recovery,2024-11-30 13:12:10,4.4G,12,https://mifirm.net/downloadzip/18639,https://mifirm.net/model/agate.ttt,de01644c42fbe09e41e1b9098cd623956a946ee9869d362b92505b0c58407047,2026-09-02T11:14:49.601288+00:00
agate,Xiaomi 11T,OS1.0.6.0.UKWIDXM,14.0,Indo,stable,recovery,2024-11-30 13:12:06,4.6G,92,https://mifirm.net/downloadzip/18638,https://mifirm.net/model/agate.ttt,de01644c42fbe09e41e1b9098cd623956a946ee9869d362b92505b0c58407047,2026-09-02T11:14:49.601288+00:00
agate,Xiaomi 11T,OS1.0.7.0.UKWRUXM,14.0,Russian,stable,recovery,2024-11-30 13:12:04,4.6G,9,https://mifirm.net/downloadzip/18637,https://mifirm.net/model/agate.ttt,de01644c42fbe09e41e1b9098cd623956a946ee9869d362b92505b0c58407047,2026-09-02T11:14:49.601288+00:00
agate,Xiaomi 11T,OS1.0.8.0.UKWEUXM,14.0,EEA,stable,recovery,2024-11-25 23:54:10,4.6G,33,https://mifirm.net/downloadzip/18593,https://mifirm.net/model/agate.ttt,de01644c42fbe09e41e1b9098cd623956a946ee9869d362b92505b0c58407047,2026-09-02T11:14:49.601288+00:00
agate,Xiaomi 11T,OS1.0.9.0.UKWMIXM,14.0,Global,stable,recovery,2024-11-22 13:30:03,4.7G,184,https://mifirm.net/downloadzip/18569,https://mifirm.net/model/agate.ttt,de01644c42fbe09e41e1b9098cd623956a946ee9869d362b92505b0c58407047,2026-09-02T11:14:49.601288+00:00
agate,Xiaomi 11T,OS1.0.5.0.UKWTRXM,14.0,Turkey,stable,recovery,2024-11-04 12:36:24,4.6G,6,https://mifirm.net/downloadzip/18353,https://mifirm.net/model/agate.ttt,de01644c42fbe09e41e1b9098cd623956a946ee9869d362b92505b0c58407047,2026-09-02T11:14:49.601288+00:00
agate,Xiaomi 11T,OS1.0.5.0.UKWTWXM,14.0,Taiwan,stable,recovery,2024-11-04 12:36:22,4.4G,8,https://mifirm.net/downloadzip/18352,https://mifirm.net/model/agate.ttt,de01644c42fbe09e41e1b9098cd623956a946ee9869d362b92505b0c58407047,2026-09-02T11:14:49.601288+00:00
agate,Xiaomi 11T,OS1.0.5.0.UKWIDXM,14.0,Indo,stable,recovery,2024-11-04 12:36:18,4.6G,23,https://mifirm.net/downloadzip/18351,https://mifirm.net/model/agate.ttt,de01644c42fbe09e41e1b9098cd623956a946ee9869d362b92505b0c58407047,2026-09-02T11:14:49.601288+00:00
agate,Xiaomi 11T,V816.0.8.0.UKWMIXM,14.0,Global,stable,fastboot,2024-11-04 12:36:01,6.0G,4965,https://mifirm.net/download/14236,https://mifirm.net/model/agate.ttt,de01644c42fbe09e41e1b9098cd623956a946ee9869d362b92505b0c58407047,2026-09-02T11:14:49.601288+00:00
agate,Xiaomi 11T,OS1.0.7.0.UKWEUXM,14.0,EEA,stable,recovery,2024-11-03 10:12:21,4.6G,44,https://mifirm.net/downloadzip/18338,https://mifirm.net/model/agate.ttt,de01644c42fbe09e41e1b9098cd623956a946ee9869d362b92505b0c58407047,2026-09-02T11:14:49.601288+00:00
agate,Xiaomi 11T,OS1.0.6.0.UKWRUXM,14.0,Russian,stable,recovery,2024-11-03 10:12:17,4.6G,8,https://mifirm.net/downloadzip/18337,https://mifirm.net/model/agate.ttt,de01644c42fbe09e41e1b9098cd623956a946ee9869d362b92505b0c58407047,2026-09-02T11:14:49.601288+00:00
agate,Xiaomi 11T,OS1.0.8.0.UKWMIXM,14.0,Global,stable,recovery,2024-10-31 02:54:15,4.7G,90,https://mifirm.net/downloadzip/18283,https://mifirm.net/model/agate.ttt,de01644c42fbe09e41e1b9098cd623956a946ee9869d362b92505b0c58407047,2026-09-02T11:14:49.601288+00:00
agate,Xiaomi 11T,V816.0.7.0.UKWMIXM,14.0,Global,stable,fastboot,2024-10-24 14:48:01,6.0G,1057,https://mifirm.net/download/14106,https://mifirm.net/model/agate.ttt,de01644c42fbe09e41e1b9098cd623956a946ee9869d362b92505b0c58407047,2026-09-02T11:14:49.601288+00:00
agate,Xiaomi 11T,V816.0.6.0.UKWEUXM,14.0,EEA,stable,fastboot,2024-10-19 04:48:09,5.8G,457,https://mifirm.net/download/14020,https://mifirm.net/model/agate.ttt,de01644c42fbe09e41e1b9098cd623956a946ee9869d362b92505b0c58407047,2026-09-02T11:14:49.601288+00:00
agate,Xiaomi 11T,OS1.0.7.0.UKWMIXM,14.0,Global,stable,recovery,2024-10-15 22:48:16,4.7G,69,https://mifirm.net/downloadzip/18106,https://mifirm.net/model/agate.ttt,de01644c42fbe09e41e1b9098cd623956a946ee9869d362b92505b0c58407047,2026-09-02T11:14:49.601288+00:00
agate,Xiaomi 11T,OS1.0.6.0.UKWEUXM,14.0,EEA,stable,recovery,2024-10-12 16:36:20,4.6G,33,https://mifirm.net/downloadzip/18047,https://mifirm.net/model/agate.ttt,de01644c42fbe09e41e1b9098cd623956a946ee9869d362b92505b0c58407047,2026-09-02T11:14:49.601288+00:00
agate,Xiaomi 11T,V816.0.4.0.UKWTWXM,14.0,Taiwan,stable,fastboot,2024-09-28 15:30:10,5.3G,153,https://mifirm.net/download/13749,https://mifirm.net/model/agate.ttt,de01644c42fbe09e41e1b9098cd623956a946ee9869d362b92505b0c58407047,2026-09-02T11:14:49.601288+00:00
agate,Xiaomi 11T,V816.0.5.0.UKWRUXM,14.0,Russian,stable,fastboot,2024-09-26 12:18:04,5.7G,162,https://mifirm.net/download/13720,https://mifirm.net/model/agate.ttt,de01644c42fbe09e41e1b9098cd623956a946ee9869d362b92505b0c58407047,2026-09-02T11:14:49.601288+00:00
agate,Xiaomi 11T,OS1.0.4.0.UKWTWXM,14.0,Taiwan,stable,recovery,2024-09-24 08:54:22,4.4G,15,https://mifirm.net/downloadzip/17806,https://mifirm.net/model/agate.ttt,de01644c42fbe09e41e1b9098cd623956a946ee9869d362b92505b0c58407047,2026-09-02T11:14:49.601288+00:00
agate,Xiaomi 11T,V816.0.4.0.UKWTRXM,14.0,Turkey,stable,fastboot,2024-09-23 07:18:11,5.7G,268,https://mifirm.net/download/13649,https://mifirm.net/model/agate.ttt,de01644c42fbe09e41e1b9098cd623956a946ee9869d362b92505b0c58407047,2026-09-02T11:14:49.601288+00:00
agate,Xiaomi 11T,V816.0.4.0.UKWIDXM,14.0,Indo,stable,fastboot,2024-09-23 07:18:05,5.8G,428,https://mifirm.net/download/13648,https://mifirm.net/model/agate.ttt,de01644c42fbe09e41e1b9098cd623956a946ee9869d362b92505b0c58407047,2026-09-02T11:14:49.601288+00:00
agate,Xiaomi 11T,OS1.0.5.0.UKWRUXM,14.0,Russian,stable,recovery,2024-09-20 02:42:16,4.6G,13,https://mifirm.net/downloadzip/17776,https://mifirm.net/model/agate.ttt,de01644c42fbe09e41e1b9098cd623956a946ee9869d362b92505b0c58407047,2026-09-02T11:14:49.601288+00:00
agate,Xiaomi 11T,OS1.0.4.0.UKWTRXM,14.0,Turkey,stable,recovery,2024-09-19 01:12:23,4.6G,8,https://mifirm.net/downloadzip/17764,https://mifirm.net/model/agate.ttt,de01644c42fbe09e41e1b9098cd623956a946ee9869d362b92505b0c58407047,2026-09-02T11:14:49.601288+00:00
agate,Xiaomi 11T,OS1.0.4.0.UKWIDXM,14.0,Indo,stable,recovery,2024-09-19 01:12:18,4.6G,40,https://mifirm.net/downloadzip/17763,https://mifirm.net/model/agate.ttt,de01644c42fbe09e41e1b9098cd623956a946ee9869d362b92505b0c58407047,2026-09-02T11:14:49.601288+00:00
agate,Xiaomi 11T,V816.0.5.0.UKWEUXM,14.0,EEA,stable,fastboot,2024-09-19 01:12:09,5.9G,167,https://mifirm.net/download/13608,https://mifirm.net/model/agate.ttt,de01644c42fbe09e41e1b9098cd623956a946ee9869d362b92505b0c58407047,2026-09-02T11:14:49.601288+00:00
agate,Xiaomi 11T,V816.0.6.0.UKWMIXM,14.0,Global,stable,fastboot,2024-09-19 01:12:01,6.0G,2105,https://mifirm.net/download/13607,https://mifirm.net/model/agate.ttt,de01644c42fbe09e41e1b9098cd623956a946ee9869d362b92505b0c58407047,2026-09-02T11:14:49.601288+00:00
agate,Xiaomi 11T,OS1.0.5.0.UKWEUXM,14.0,EEA,stable,recovery,2024-09-11 13:00:22,4.6G,31,https://mifirm.net/downloadzip/17687,https://mifirm.net/model/agate.ttt,de01644c42fbe09e41e1b9098cd623956a946ee9869d362b92505b0c58407047,2026-09-02T11:14:49.601288+00:00
agate,Xiaomi 11T,OS1.0.6.0.UKWMIXM,14.0,Global,stable,recovery,2024-09-11 13:00:17,4.7G,157,https://mifirm.net/downloadzip/17686,https://mifirm.net/model/agate.ttt,de01644c42fbe09e41e1b9098cd623956a946ee9869d362b92505b0c58407047,2026-09-02T11:14:49.601288+00:00
agate,Xiaomi 11T,V816.0.5.0.UKWMIXM,14.0,Global,stable,fastboot,2024-07-18 15:48:01,6.1G,4302,https://mifirm.net/download/12837,https://mifirm.net/model/agate.ttt,de01644c42fbe09e41e1b9098cd623956a946ee9869d362b92505b0c58407047,2026-09-02T11:14:49.601288+00:00
agate,Xiaomi 11T,OS1.0.5.0.UKWMIXM,14.0,Global,stable,recovery,2024-07-13 11:18:17,4.7G,342,https://mifirm.net/downloadzip/16962,https://mifirm.net/model/agate.ttt,de01644c42fbe09e41e1b9098cd623956a946ee9869d362b92505b0c58407047,2026-09-02T11:14:49.601288+00:00
agate,Xiaomi 11T,V816.0.3.0.UKWTRXM,14.0,Turkey,stable,fastboot,2024-06-20 15:06:11,5.8G,185,https://mifirm.net/download/12611,https://mifirm.net/model/agate.ttt,de01644c42fbe09e41e1b9098cd623956a946ee9869d362b92505b0c58407047,2026-09-02T11:14:49.601288+00:00
agate,Xiaomi 11T,V816.0.3.0.UKWTWXM,14.0,Taiwan,stable,fastboot,2024-06-20 15:06:10,5.3G,207,https://mifirm.net/download/12610,https://mifirm.net/model/agate.ttt,de01644c42fbe09e41e1b9098cd623956a946ee9869d362b92505b0c58407047,2026-09-02T11:14:49.601288+00:00
